incident_id,call_timestamp,incident_type,severity_level,hazard_type,station,vehicle_id,vehicle_type,latitude,longitude,dispatch_timestamp,arrival_timestamp,cleared_timestamp,distance_km,response_minutes,vehicle_status,is_first_arrival
INC-00209,2025-01-01 12:06:25,Hazmat,4,Chemical,Station 03,E-05,Engine,31.493068,74.341432,2025-01-01 12:08:07.286749660,2025-01-01 12:20:06.301978750,2025-01-01 14:39:05.425559314,12.4,11.98,Available,False
INC-00124,2025-01-01 13:36:24,High-Rise Rescue,4,High-Rise,Station 21,L-01,Ladder,31.550718,74.444547,2025-01-01 13:40:17.486338782,2025-01-01 13:47:53.752220760,2025-01-01 15:45:43.282147974,4.18,7.6,Available,True
INC-00672,2025-01-01 13:38:35,Vehicle Accident,3,Road Traffic,Station 21,E-03,Engine,31.5157,74.407353,2025-01-01 13:40:29.001188126,2025-01-01 13:47:49.809465464,2025-01-01 15:40:46.151529248,5.46,7.35,Available,True
INC-00255,2025-01-01 16:58:07,Hazmat,4,Chemical,Station 12,E-01,Engine,31.457529,74.377677,2025-01-01 17:00:45.272972752,2025-01-01 17:08:58.894049344,2025-01-01 19:02:24.712136944,2.47,8.23,Available,False
INC-00741,2025-01-01 19:37:20,Vehicle Accident,3,Road Traffic,Station 12,E-05,Engine,31.486399,74.378175,2025-01-01 19:41:15.140779166,2025-01-01 19:48:36.603477296,2025-01-01 21:09:26.742842672,6.0,7.36,Available,True
INC-01025,2025-01-02 01:36:33,Medical Emergency,2,Medical,Station 07,E-01,Engine,31.531268,74.341597,2025-01-02 01:39:11.103825906,2025-01-02 01:47:50.764580202,2025-01-02 03:12:45.838721616,7.61,8.66,Available,True
INC-00025,2025-01-02 04:42:35,Medical Emergency,1,Medical,Station 07,E-01,Engine,31.552711,74.347968,2025-01-02 04:43:48.415446308,2025-01-02 04:51:11.141791532,2025-01-02 06:06:51.204552050,4.11,7.38,Available,True
INC-00536,2025-01-02 09:00:34,Medical Emergency,4,Medical,Station 12,R-02,Rescue,31.488149,74.35021,2025-01-02 09:04:39.851472748,2025-01-02 09:13:58.994740096,2025-01-02 11:36:44.747486344,5.99,9.32,Available,False
INC-00623,2025-01-02 16:05:56,Medical Emergency,1,Medical,Station 12,E-02,Engine,31.49609,74.367264,2025-01-02 16:08:34.632022208,2025-01-02 16:13:05.186557700,2025-01-02 17:15:42.449231228,2.84,4.51,Available,True
INC-00590,2025-01-03 02:51:02,Vehicle Accident,3,Road Traffic,Station 07,E-01,Engine,31.549236,74.312147,2025-01-03 02:52:10.694874758,2025-01-03 02:56:42.590884184,2025-01-03 03:41:36.106525190,4.24,4.53,Dispatched,True
INC-00795,2025-01-03 06:56:15,Medical Emergency,3,Medical,Station 07,R-04,Rescue,31.524095,74.311487,2025-01-03 06:59:15.451390332,2025-01-03 07:05:24.175191522,2025-01-03 08:49:57.807955529,4.75,6.15,Available,True
INC-00275,2025-01-03 14:34:41,Medical Emergency,2,Medical,Station 21,E-08,Engine,31.549942,74.368067,2025-01-03 14:36:36.957018626,2025-01-03 14:41:20.434333070,2025-01-03 16:14:11.835337832,6.25,4.72,Available,False
INC-00088,2025-01-04 03:30:36,High-Rise Rescue,4,High-Rise,Station 12,R-03,Rescue,31.472654,74.360325,2025-01-04 03:32:30.198553884,2025-01-04 03:45:16.746290634,2025-01-04 05:52:35.246929344,15.46,12.78,Available,True
INC-00649,2025-01-04 08:13:10,Vehicle Accident,4,Road Traffic,Station 07,E-07,Engine,31.533193,74.332141,2025-01-04 08:16:03.050950264,2025-01-04 08:27:48.655237180,2025-01-04 10:16:49.939603180,10.94,11.76,Available,True
INC-01059,2025-01-04 18:55:59,High-Rise Rescue,3,High-Rise,Station 21,R-02,Rescue,31.560768,74.401418,2025-01-04 18:59:35.321777972,2025-01-04 19:10:14.540738036,2025-01-04 20:52:29.056604366,7.79,10.65,Available,False
INC-00239,2025-01-05 15:51:30,Structure Fire,4,Fire,Station 21,R-03,Rescue,31.587652,74.365293,2025-01-05 15:53:49.533441738,2025-01-05 16:00:06.550133574,2025-01-05 18:03:28.705539354,4.13,6.28,Available,False
INC-00903,2025-01-05 21:39:30,Water Rescue,4,Water,Station 03,W-02,Water Rescue Unit,31.530988,74.388153,2025-01-05 21:43:16.701542166,2025-01-05 22:00:18.499575804,2025-01-05 23:58:05.851187310,15.04,17.03,Available,True
INC-00484,2025-01-06 03:38:21,Hazmat,4,Chemical,Station 12,H-02,Hazmat Unit,31.47539,74.389183,2025-01-06 03:40:39.872323110,2025-01-06 03:49:30.758678646,2025-01-06 05:37:44.382605532,6.62,8.85,Dispatched,True
INC-00856,2025-01-06 04:32:25,Water Rescue,3,Water,Station 21,W-02,Water Rescue Unit,31.581085,74.40292,2025-01-06 04:33:59.886102190,2025-01-06 04:41:23.424375898,2025-01-06 06:16:29.027526460,4.09,7.39,Available,False
INC-00565,2025-01-06 04:49:55,Medical Emergency,1,Medical,Station 12,R-02,Rescue,31.484694,74.375852,2025-01-06 04:51:00.929782906,2025-01-06 04:54:00.929782906,2025-01-06 06:19:34.940023701,2.06,3.0,Available,True
INC-00689,2025-01-06 16:24:32,Structure Fire,4,Fire,Station 07,E-05,Engine,31.524434,74.331752,2025-01-06 16:27:01.678030460,2025-01-06 16:37:10.472197496,2025-01-06 18:25:43.048119488,11.43,10.15,Available,True
INC-00166,2025-01-06 16:27:14,Medical Emergency,2,Medical,Station 21,E-08,Engine,31.561391,74.405402,2025-01-06 16:29:23.330201096,2025-01-06 16:35:13.580762000,2025-01-06 18:33:53.581693604,8.78,5.84,Dispatched,True
INC-00942,2025-01-06 18:12:42,Medical Emergency,3,Medical,Station 03,R-03,Rescue,31.51843,74.406329,2025-01-06 18:15:16.403513148,2025-01-06 18:25:05.749228980,2025-01-06 19:51:00.218745138,7.03,9.82,Available,True
INC-00503,2025-01-06 18:34:23,Structure Fire,4,Fire,Station 03,E-06,Engine,31.537759,74.3455,2025-01-06 18:38:09.702698576,2025-01-06 18:46:16.638533690,2025-01-06 20:42:30.050349656,3.99,8.12,Available,True
INC-00382,2025-01-06 19:12:37,Structure Fire,5,Fire,Station 03,E-02,Engine,31.490773,74.376346,2025-01-06 19:17:24.419253610,2025-01-06 19:31:05.079107110,2025-01-06 21:39:03.542144254,11.52,13.68,Available,False
INC-00603,2025-01-07 03:05:25,Medical Emergency,3,Medical,Station 21,E-01,Engine,31.563905,74.389546,2025-01-07 03:08:06.200478334,2025-01-07 03:18:02.515563610,2025-01-07 04:47:20.486595190,4.12,9.94,Available,False
INC-00723,2025-01-07 03:43:51,Medical Emergency,3,Medical,Station 07,R-01,Rescue,31.563321,74.337673,2025-01-07 03:46:32.385829788,2025-01-07 03:55:44.373916296,2025-01-07 06:16:45.488232996,7.8,9.2,Available,False
INC-01067,2025-01-07 08:50:22,Structure Fire,4,Fire,Station 07,L-01,Ladder,31.549378,74.308716,2025-01-07 08:52:40.322700238,2025-01-07 09:00:45.339322648,2025-01-07 10:44:11.693728894,5.32,8.08,Available,True
INC-00346,2025-01-07 10:03:14,Vehicle Accident,2,Road Traffic,Station 07,E-02,Engine,31.536156,74.292206,2025-01-07 10:05:45.835969820,2025-01-07 10:17:20.143986404,2025-01-07 11:16:43.163357726,13.49,11.57,Available,True
INC-00101,2025-01-07 12:51:25,Vehicle Accident,3,Road Traffic,Station 12,R-04,Rescue,31.494535,74.378178,2025-01-07 12:53:01.752969394,2025-01-07 12:57:54.433586134,2025-01-07 14:41:39.124406032,4.74,4.88,Available,True
INC-00534,2025-01-08 12:19:10,Hazmat,4,Chemical,Station 12,H-02,Hazmat Unit,31.470831,74.374233,2025-01-08 12:20:35.150841460,2025-01-08 12:28:15.208251832,2025-01-08 14:15:55.262015650,6.93,7.67,Dispatched,False
INC-00533,2025-01-08 17:05:26,Medical Emergency,4,Medical,Station 12,R-03,Rescue,31.481176,74.35934,2025-01-08 17:07:28.196780408,2025-01-08 17:16:05.559188156,2025-01-08 19:09:55.491314744,4.09,8.62,Dispatched,True
INC-00750,2025-01-08 19:38:30,Structure Fire,4,Fire,Station 21,L-02,Ladder,31.546386,74.371706,2025-01-08 19:40:36.063122070,2025-01-08 19:54:26.919044976,2025-01-08 22:36:43.950985572,10.46,13.85,Available,True
INC-01079,2025-01-09 04:34:49,Medical Emergency,3,Medical,Station 12,R-02,Rescue,31.471823,74.378241,2025-01-09 04:36:44.012619760,2025-01-09 04:46:23.633220010,2025-01-09 06:34:10.161309916,10.26,9.66,Dispatched,False
INC-00186,2025-01-09 21:46:38,Medical Emergency,3,Medical,Station 21,R-02,Rescue,31.547248,74.407609,2025-01-09 21:48:21.158735444,2025-01-09 22:03:26.676240512,2025-01-09 23:44:34.195607516,15.83,15.09,Available,True
INC-00598,2025-01-10 07:08:48,Medical Emergency,2,Medical,Station 21,R-04,Rescue,31.574841,74.399015,2025-01-10 07:11:06.047815404,2025-01-10 07:18:12.278891640,2025-01-10 08:26:18.320828214,4.47,7.1,Available,False
INC-00274,2025-01-10 09:52:48,Structure Fire,4,Fire,Station 03,E-01,Engine,31.504145,74.357057,2025-01-10 09:55:54.237741450,2025-01-10 10:07:23.233618560,2025-01-10 11:52:11.034813972,12.09,11.48,Dispatched,False
INC-00193,2025-01-11 02:52:51,High-Rise Rescue,5,High-Rise,Station 03,L-02,Ladder,31.542037,74.341026,2025-01-11 02:55:17.171918742,2025-01-11 03:03:59.640552408,2025-01-11 04:57:59.912762496,7.72,8.71,Available,False
INC-00322,2025-01-11 12:58:01,Hazmat,5,Chemical,Station 07,E-07,Engine,31.544631,74.307238,2025-01-11 13:02:04.638179530,2025-01-11 13:06:39.661505134,2025-01-11 15:41:02.615832124,2.66,4.58,Dispatched,True
INC-00531,2025-01-12 12:42:41,Structure Fire,3,Fire,Station 12,E-04,Engine,31.489265,74.352273,2025-01-12 12:44:31.782216878,2025-01-12 12:52:07.835526572,2025-01-12 14:37:14.547466904,4.36,7.6,Available,False
INC-00105,2025-01-12 15:48:13,Medical Emergency,3,Medical,Station 03,E-03,Engine,31.536533,74.36764,2025-01-12 15:51:38.584189636,2025-01-12 16:03:19.699886956,2025-01-12 17:44:52.457890252,12.64,11.69,Dispatched,True
INC-00600,2025-01-13 01:47:13,Confined Space,3,Confined Space,Station 07,E-01,Engine,31.52352,74.354913,2025-01-13 01:50:18.988858780,2025-01-13 01:58:35.562300538,2025-01-13 04:12:58.008448324,7.49,8.28,Available,False
INC-01112,2025-01-13 09:57:27,Vehicle Accident,3,Road Traffic,Station 21,E-08,Engine,31.59212,74.400574,2025-01-13 10:00:16.366245744,2025-01-13 10:10:16.589771856,2025-01-13 11:45:16.758755898,9.95,10.0,Available,True
INC-00546,2025-01-13 11:53:20,Vehicle Accident,4,Road Traffic,Station 03,R-03,Rescue,31.526997,74.343618,2025-01-13 11:55:46.451172002,2025-01-13 12:02:54.476625668,2025-01-13 14:36:19.459282076,5.33,7.13,Available,True
INC-00690,2025-01-13 13:54:40,Medical Emergency,5,Medical,Station 03,E-06,Engine,31.52933,74.408847,2025-01-13 13:56:46.545896860,2025-01-13 14:03:27.959819326,2025-01-13 16:04:50.972606482,4.85,6.69,Available,False
INC-00667,2025-01-13 17:42:47,Structure Fire,4,Fire,Station 07,E-05,Engine,31.539582,74.332592,2025-01-13 17:45:05.002249472,2025-01-13 17:52:19.335682910,2025-01-13 20:23:56.116044926,4.18,7.24,Dispatched,True
INC-00292,2025-01-13 22:50:43,Medical Emergency,1,Medical,Station 21,E-08,Engine,31.547577,74.367899,2025-01-13 22:54:46.995840328,2025-01-13 23:03:15.014092180,2025-01-14 00:20:11.104116448,6.02,8.47,Available,False
INC-00222,2025-01-14 21:44:42,Medical Emergency,1,Medical,Station 12,E-08,Engine,31.472284,74.412635,2025-01-14 21:46:30.497906058,2025-01-14 21:55:54.555504990,2025-01-14 22:41:53.059571028,6.91,9.4,Available,True
INC-00362,2025-01-15 08:44:42,Medical Emergency,1,Medical,Station 03,E-08,Engine,31.501224,74.356984,2025-01-15 08:46:10.508222724,2025-01-15 08:59:52.115745282,2025-01-15 09:46:22.065394614,11.88,13.69,Available,False
INC-00027,2025-01-15 14:45:52,Structure Fire,4,Fire,Station 12,R-02,Rescue,31.495298,74.343021,2025-01-15 14:49:39.684337540,2025-01-15 15:00:54.972220012,2025-01-15 17:07:10.368307882,8.73,11.25,Available,False
INC-00119,2025-01-15 20:59:20,High-Rise Rescue,4,High-Rise,Station 12,R-01,Rescue,31.471166,74.356994,2025-01-15 21:02:08.588623574,2025-01-15 21:11:02.044448438,2025-01-15 23:05:06.878618984,5.42,8.89,Available,True
INC-00838,2025-01-15 21:24:03,Medical Emergency,3,Medical,Station 12,R-04,Rescue,31.525832,74.404305,2025-01-15 21:28:05.844146490,2025-01-15 21:40:39.062066051,2025-01-15 23:28:36.670465637,11.02,12.55,Available,True
INC-00937,2025-01-16 13:20:27,Medical Emergency,3,Medical,Station 07,E-01,Engine,31.531821,74.354413,2025-01-16 13:23:18.774690210,2025-01-16 13:26:57.231581730,2025-01-16 14:43:58.615390554,1.82,3.64,Available,True
INC-00662,2025-01-16 15:44:55,Medical Emergency,4,Medical,Station 21,R-02,Rescue,31.553225,74.389876,2025-01-16 15:48:09.566047126,2025-01-16 15:54:12.669409564,2025-01-16 18:10:15.540297202,2.55,6.05,Available,False
INC-00685,2025-01-17 06:05:30,Vehicle Accident,3,Road Traffic,Station 03,R-03,Rescue,31.527289,74.340821,2025-01-17 06:08:06.721796130,2025-01-17 06:18:18.550838688,2025-01-17 08:11:50.941376748,9.12,10.2,Available,True
INC-00483,2025-01-17 08:54:26,High-Rise Rescue,3,High-Rise,Station 07,L-03,Ladder,31.523196,74.314393,2025-01-17 08:56:33.320431244,2025-01-17 09:02:00.151222466,2025-01-17 10:32:14.209303652,3.46,5.45,Available,True
INC-00438,2025-01-17 09:56:15,Medical Emergency,2,Medical,Station 07,E-03,Engine,31.485064,74.348672,2025-01-17 09:58:41.348728974,2025-01-17 10:08:13.023031871,2025-01-17 11:34:57.410746751,6.6,9.53,Available,True
INC-00584,2025-01-17 11:21:26,Confined Space,4,Confined Space,Station 12,E-01,Engine,31.479061,74.370724,2025-01-17 11:24:34.717627376,2025-01-17 11:33:42.921781484,2025-01-17 13:24:16.992685825,6.89,9.14,Available,True
INC-00869,2025-01-17 20:08:28,Medical Emergency,3,Medical,Station 21,R-02,Rescue,31.559917,74.387494,2025-01-17 20:12:39.815658568,2025-01-17 20:20:20.423126032,2025-01-17 21:40:07.215927082,6.45,7.68,Available,True
INC-00063,2025-01-17 23:08:09,Vehicle Accident,5,Road Traffic,Station 07,E-07,Engine,31.549305,74.327014,2025-01-17 23:09:54.466374126,2025-01-17 23:15:55.001207976,2025-01-18 00:51:08.127099780,4.77,6.01,Dispatched,True
INC-01055,2025-01-18 18:07:06,Medical Emergency,3,Medical,Station 12,R-03,Rescue,31.489983,74.349512,2025-01-18 18:10:18.167065578,2025-01-18 18:21:47.967357078,2025-01-18 20:37:58.055834526,6.0,11.5,Available,False
INC-00954,2025-01-19 12:33:16,Confined Space,4,Confined Space,Station 03,R-04,Rescue,31.532444,74.362332,2025-01-19 12:36:29.958110512,2025-01-19 12:42:54.980146354,2025-01-19 15:24:56.106116590,2.24,6.42,Available,True
INC-01113,2025-01-19 21:05:07,Vehicle Accident,4,Road Traffic,Station 03,R-01,Rescue,31.533962,74.361725,2025-01-19 21:08:34.571556418,2025-01-19 21:19:24.391377868,2025-01-19 23:05:04.805074942,7.57,10.83,Available,True
INC-00983,2025-01-19 22:12:36,Vehicle Accident,5,Road Traffic,Station 07,E-05,Engine,31.549078,74.330811,2025-01-19 22:15:49.700962482,2025-01-19 22:24:38.765243244,2025-01-20 00:54:09.561163230,6.25,8.82,Available,False
INC-00579,2025-01-20 01:25:11,Structure Fire,3,Fire,Station 03,L-03,Ladder,31.527561,74.371158,2025-01-20 01:26:24.720379760,2025-01-20 01:30:09.060097394,2025-01-20 03:38:38.860861652,2.81,3.74,Available,True
INC-00312,2025-01-20 04:51:06,Medical Emergency,2,Medical,Station 12,E-02,Engine,31.504546,74.34634,2025-01-20 04:54:34.805936952,2025-01-20 05:06:05.087978232,2025-01-20 06:43:41.903831274,8.8,11.5,Available,True
INC-00304,2025-01-20 05:38:29,Medical Emergency,4,Medical,Station 03,R-01,Rescue,31.495339,74.366789,2025-01-20 05:41:34.558868306,2025-01-20 05:49:18.697971344,2025-01-20 08:08:37.692771140,5.49,7.74,Available,True
INC-01000,2025-01-20 22:25:20,Medical Emergency,4,Medical,Station 07,E-02,Engine,31.552461,74.31959,2025-01-20 22:29:17.981897186,2025-01-20 22:38:16.223396996,2025-01-21 00:48:46.089108494,5.61,8.97,Available,True
INC-00136,2025-01-21 02:31:35,Vehicle Accident,5,Road Traffic,Station 12,E-08,Engine,31.496292,74.392891,2025-01-21 02:33:29.843809064,2025-01-21 02:40:39.283560890,2025-01-21 05:52:10.926213254,3.53,7.16,Available,True
INC-00630,2025-01-21 05:33:34,Structure Fire,4,Fire,Station 03,R-01,Rescue,31.528493,74.37373,2025-01-21 05:36:43.070701864,2025-01-21 05:44:53.384459134,2025-01-21 07:21:45.664490530,4.05,8.17,Available,True
INC-01094,2025-01-22 09:43:16,Medical Emergency,3,Medical,Station 07,E-05,Engine,31.535717,74.31723,2025-01-22 09:44:19.755709660,2025-01-22 09:52:39.817275916,2025-01-22 11:05:58.421741656,5.01,8.33,Dispatched,False
INC-01088,2025-01-22 11:16:11,Medical Emergency,3,Medical,Station 12,R-04,Rescue,31.486738,74.34914,2025-01-22 11:18:13.135948172,2025-01-22 11:21:52.415878130,2025-01-22 13:11:15.310149842,3.72,3.65,Available,True
INC-00077,2025-01-22 15:42:08,Structure Fire,3,Fire,Station 21,L-01,Ladder,31.587939,74.361,2025-01-22 15:45:05.100673850,2025-01-22 15:49:49.993524056,2025-01-22 17:48:03.162023540,3.03,4.75,Available,True
INC-00909,2025-01-22 16:23:41,Structure Fire,4,Fire,Station 21,L-03,Ladder,31.556653,74.381298,2025-01-22 16:28:58.669622216,2025-01-22 16:39:55.433569526,2025-01-22 18:31:14.552017328,9.57,10.95,Dispatched,False
INC-00860,2025-01-22 18:04:50,Vehicle Accident,3,Road Traffic,Station 12,E-01,Engine,31.468285,74.357227,2025-01-22 18:08:20.427653006,2025-01-22 18:16:51.960627302,2025-01-22 20:17:34.389176474,4.65,8.53,Dispatched,True
INC-00245,2025-01-23 14:48:29,Vehicle Accident,3,Road Traffic,Station 12,R-04,Rescue,31.481879,74.375979,2025-01-23 14:49:08.495882090,2025-01-23 14:52:44.777968796,2025-01-23 15:56:26.678481206,3.17,3.6,Dispatched,False
INC-00422,2025-01-23 22:58:29,High-Rise Rescue,5,High-Rise,Station 07,E-08,Engine,31.583463,74.311054,2025-01-23 23:00:56.439509744,2025-01-23 23:08:35.080217288,2025-01-24 01:18:38.219672432,3.61,7.64,Dispatched,True
INC-00481,2025-01-24 00:32:53,Vehicle Accident,3,Road Traffic,Station 03,R-01,Rescue,31.532182,74.343477,2025-01-24 00:34:43.786126322,2025-01-24 00:39:06.192019382,2025-01-24 01:50:26.542848644,3.22,4.37,Available,True
INC-00311,2025-01-24 05:49:47,Structure Fire,4,Fire,Station 03,L-03,Ladder,31.534073,74.373179,2025-01-24 05:52:23.697035354,2025-01-24 06:00:31.344149090,2025-01-24 07:50:48.587519708,4.53,8.13,Dispatched,False
INC-00221,2025-01-24 06:03:41,Structure Fire,3,Fire,Station 03,R-01,Rescue,31.539907,74.361558,2025-01-24 06:06:43.813714526,2025-01-24 06:12:46.878990056,2025-01-24 07:53:18.747802790,6.97,6.05,Available,True
INC-00345,2025-01-24 10:59:53,Vehicle Accident,3,Road Traffic,Station 07,R-04,Rescue,31.530809,74.323823,2025-01-24 11:02:42.942090686,2025-01-24 11:13:01.168002266,2025-01-24 13:04:03.886316798,6.74,10.3,Available,True
INC-00694,2025-01-24 19:02:03,Structure Fire,4,Fire,Station 03,L-01,Ladder,31.527044,74.372375,2025-01-24 19:05:51.303120552,2025-01-24 19:18:08.278929612,2025-01-24 20:47:50.242872126,14.08,12.28,Available,True
INC-00314,2025-01-25 20:53:35,Vehicle Accident,3,Road Traffic,Station 07,E-06,Engine,31.542548,74.303608,2025-01-25 20:56:47.482503656,2025-01-25 21:10:14.681511998,2025-01-25 22:59:59.052856838,12.11,13.45,Available,True
INC-00352,2025-01-26 12:24:24,Water Rescue,4,Water,Station 21,W-02,Water Rescue Unit,31.569834,74.414684,2025-01-26 12:25:47.859940380,2025-01-26 12:34:35.587534224,2025-01-26 14:58:50.620377810,9.76,8.8,Available,True
INC-00894,2025-01-26 18:08:20,Medical Emergency,2,Medical,Station 03,R-04,Rescue,31.546105,74.337502,2025-01-26 18:11:57.570417248,2025-01-26 18:22:59.845400834,2025-01-26 19:11:07.833909265,7.65,11.04,Available,True
INC-00007,2025-01-26 20:41:29,Medical Emergency,1,Medical,Station 03,E-06,Engine,31.516227,74.351357,2025-01-26 20:43:48.212423060,2025-01-26 20:52:28.007971322,2025-01-26 21:39:22.216993220,6.24,8.66,Available,True
INC-00235,2025-01-26 20:50:00,Structure Fire,5,Fire,Station 21,R-02,Rescue,31.575526,74.363331,2025-01-26 20:54:30.980209158,2025-01-26 21:04:52.272186408,2025-01-26 23:29:15.393549414,5.74,10.35,Available,True
INC-00695,2025-01-27 00:43:08,Medical Emergency,1,Medical,Station 03,E-06,Engine,31.512073,74.336131,2025-01-27 00:46:27.095635622,2025-01-27 00:55:18.574191116,2025-01-27 01:57:38.937100334,5.11,8.86,Available,True
INC-00420,2025-01-27 06:17:22,Medical Emergency,2,Medical,Station 03,R-01,Rescue,31.538873,74.332626,2025-01-27 06:19:31.977842746,2025-01-27 06:26:58.291887544,2025-01-27 07:45:16.006724776,4.41,7.44,Available,False
INC-00813,2025-01-27 08:19:20,Water Rescue,4,Water,Station 03,R-01,Rescue,31.5003,74.368898,2025-01-27 08:21:41.350619768,2025-01-27 08:28:29.609674364,2025-01-27 10:21:45.653079085,4.39,6.8,Available,True
INC-00635,2025-01-27 11:43:47,Medical Emergency,4,Medical,Station 12,R-02,Rescue,31.461725,74.38063,2025-01-27 11:46:33.326462312,2025-01-27 11:54:19.194726824,2025-01-27 13:51:13.828723508,5.95,7.76,Available,True
INC-00788,2025-01-27 19:42:16,Vehicle Accident,4,Road Traffic,Station 12,E-03,Engine,31.495961,74.349823,2025-01-27 19:47:03.570944302,2025-01-27 19:59:45.480506350,2025-01-27 21:59:45.403482922,9.63,12.7,Available,False
INC-00904,2025-01-28 11:12:19,Structure Fire,4,Fire,Station 03,R-02,Rescue,31.519178,74.361547,2025-01-28 11:16:31.704182398,2025-01-28 11:25:00.701258572,2025-01-28 14:06:58.501611778,7.44,8.48,Dispatched,True
INC-00796,2025-01-28 14:54:48,Medical Emergency,3,Medical,Station 21,R-03,Rescue,31.577108,74.385512,2025-01-28 14:57:17.111418660,2025-01-28 15:02:17.987149146,2025-01-28 16:34:23.001441462,5.19,5.01,Dispatched,False
INC-00050,2025-01-29 02:33:08,Vehicle Accident,3,Road Traffic,Station 07,E-03,Engine,31.560931,74.378124,2025-01-29 02:35:35.099722274,2025-01-29 02:40:10.773447704,2025-01-29 04:13:34.122464660,3.21,4.59,Available,True
INC-01071,2025-01-29 09:35:52,High-Rise Rescue,5,High-Rise,Station 03,L-01,Ladder,31.48661,74.352098,2025-01-29 09:39:48.020850610,2025-01-29 09:52:23.433275278,2025-01-29 12:28:27.481042198,12.12,12.59,Available,True
INC-00229,2025-01-29 18:06:53,High-Rise Rescue,3,High-Rise,Station 12,L-02,Ladder,31.501632,74.410058,2025-01-29 18:10:29.543285360,2025-01-29 18:21:20.713574570,2025-01-29 19:44:03.989291330,7.84,10.85,Dispatched,True
INC-00529,2025-01-29 23:29:31,Vehicle Accident,4,Road Traffic,Station 12,E-05,Engine,31.483465,74.380285,2025-01-29 23:32:26.729819896,2025-01-29 23:40:14.078809084,2025-01-30 02:08:41.374229050,5.09,7.79,Available,True
INC-01098,2025-01-30 05:55:54,Structure Fire,4,Fire,Station 03,L-03,Ladder,31.50378,74.380908,2025-01-30 05:59:07.419147360,2025-01-30 06:10:47.572588806,2025-01-30 07:59:47.835910493,10.46,11.67,Available,True
INC-00213,2025-01-30 09:24:08,Medical Emergency,3,Medical,Station 07,E-06,Engine,31.539605,74.303349,2025-01-30 09:27:26.878078988,2025-01-30 09:37:14.638891904,2025-01-30 10:56:22.938748502,6.08,9.8,Dispatched,True
INC-00241,2025-01-30 11:53:41,Structure Fire,5,Fire,Station 21,R-01,Rescue,31.587243,74.405597,2025-01-30 11:56:06.086505248,2025-01-30 12:04:55.714335590,2025-01-30 14:10:45.941207072,5.77,8.83,Available,True
INC-00299,2025-01-30 14:37:11,Medical Emergency,4,Medical,Station 03,E-01,Engine,31.546656,74.352355,2025-01-30 14:38:46.492249838,2025-01-30 14:47:24.488386796,2025-01-30 16:52:54.718955240,7.01,8.63,Dispatched,True
INC-00714,2025-01-31 01:31:20,Medical Emergency,5,Medical,Station 03,R-02,Rescue,31.537723,74.377635,2025-01-31 01:34:59.774523038,2025-01-31 01:45:24.806333588,2025-01-31 03:33:48.823864460,7.64,10.42,Available,False
INC-00112,2025-01-31 10:45:08,Medical Emergency,5,Medical,Station 12,E-01,Engine,31.459271,74.380778,2025-01-31 10:48:33.618874100,2025-01-31 10:57:02.011487864,2025-01-31 12:51:19.737755630,6.53,8.47,Available,True
INC-00732,2025-01-31 13:25:28,Vehicle Accident,3,Road Traffic,Station 21,E-02,Engine,31.539353,74.40212,2025-01-31 13:28:34.928552842,2025-01-31 13:35:24.959003224,2025-01-31 15:09:41.036118681,3.08,6.83,Available,True
INC-00704,2025-01-31 15:46:30,Medical Emergency,3,Medical,Station 21,R-02,Rescue,31.538363,74.421379,2025-01-31 15:49:56.834331774,2025-01-31 16:00:44.450549994,2025-01-31 17:56:58.663598466,12.65,10.79,Available,True
INC-01036,2025-01-31 18:29:31,Vehicle Accident,5,Road Traffic,Station 03,E-05,Engine,31.496906,74.339746,2025-01-31 18:32:58.131258544,2025-01-31 18:44:06.838888498,2025-01-31 21:19:20.444435074,6.26,11.15,Available,True
INC-00052,2025-01-31 19:44:06,Hazmat,4,Chemical,Station 12,E-02,Engine,31.509597,74.362695,2025-01-31 19:46:57.851757564,2025-01-31 19:54:13.088438094,2025-01-31 21:57:56.360533482,4.18,7.25,Available,True
INC-00930,2025-01-31 21:04:27,Medical Emergency,3,Medical,Station 07,E-08,Engine,31.535078,74.34137,2025-01-31 21:08:28.694118234,2025-01-31 21:19:02.868194441,2025-01-31 23:09:17.266576901,8.0,10.57,Available,True
INC-00071,2025-01-31 21:39:55,Medical Emergency,3,Medical,Station 03,R-02,Rescue,31.521684,74.345723,2025-01-31 21:45:09.863504272,2025-01-31 21:55:02.592234454,2025-01-31 23:08:02.030736670,8.19,9.88,Dispatched,False
INC-01096,2025-02-01 03:34:36,Structure Fire,4,Fire,Station 07,E-01,Engine,31.536516,74.321736,2025-02-01 03:36:48.983679540,2025-02-01 03:43:20.569200204,2025-02-01 05:23:01.478677668,3.92,6.53,Dispatched,True
INC-00520,2025-02-01 05:43:35,Medical Emergency,1,Medical,Station 12,E-03,Engine,31.513157,74.368011,2025-02-01 05:45:23.040219398,2025-02-01 05:52:09.129731570,2025-02-01 06:59:48.404741180,4.19,6.77,Dispatched,True
INC-00111,2025-02-01 07:10:38,Hazmat,4,Chemical,Station 12,H-01,Hazmat Unit,31.486406,74.42139,2025-02-01 07:12:45.703778414,2025-02-01 07:20:18.598380908,2025-02-01 09:43:00.737909990,6.46,7.55,Available,False
INC-00790,2025-02-01 23:40:42,Hazmat,5,Chemical,Station 12,H-01,Hazmat Unit,31.504403,74.36102,2025-02-01 23:43:50.065917564,2025-02-01 23:49:07.909316226,2025-02-02 02:20:37.479660546,2.34,5.3,Available,True
INC-00592,2025-02-02 21:26:32,Medical Emergency,3,Medical,Station 12,E-08,Engine,31.494735,74.34907,2025-02-02 21:29:58.063262456,2025-02-02 21:44:07.731295262,2025-02-02 23:19:42.987346016,13.36,14.16,Available,False
INC-00102,2025-02-03 07:46:30,Medical Emergency,2,Medical,Station 07,R-02,Rescue,31.51893,74.318947,2025-02-03 07:50:49.560533244,2025-02-03 07:58:52.124239470,2025-02-03 09:32:46.205031282,4.9,8.04,Available,True
INC-00574,2025-02-03 13:43:23,Vehicle Accident,3,Road Traffic,Station 12,R-01,Rescue,31.472965,74.39079,2025-02-03 13:45:14.949065318,2025-02-03 13:57:45.829451570,2025-02-03 16:13:55.521743012,13.55,12.51,Available,False
INC-00394,2025-02-03 14:55:41,Hazmat,3,Chemical,Station 07,R-03,Rescue,31.547425,74.319714,2025-02-03 14:56:55.685977208,2025-02-03 15:02:49.978786274,2025-02-03 16:37:51.247253678,3.28,5.9,Available,True
INC-00230,2025-02-03 15:36:00,Structure Fire,4,Fire,Station 12,L-03,Ladder,31.46705,74.365916,2025-02-03 15:38:51.056156856,2025-02-03 15:49:46.321822980,2025-02-03 18:06:50.616131976,7.94,10.92,Available,True
INC-00456,2025-02-03 21:05:09,High-Rise Rescue,4,High-Rise,Station 12,R-02,Rescue,31.488573,74.385923,2025-02-03 21:09:02.870251794,2025-02-03 21:19:08.774232942,2025-02-03 23:11:41.908359546,9.09,10.1,Available,False
INC-00205,2025-02-04 05:57:14,Medical Emergency,2,Medical,Station 12,R-03,Rescue,31.459029,74.353304,2025-02-04 05:58:52.291738448,2025-02-04 06:10:00.660215348,2025-02-04 07:14:43.884029726,11.97,11.14,Available,False
INC-00701,2025-02-04 10:44:02,Medical Emergency,3,Medical,Station 12,E-06,Engine,31.489808,74.3813,2025-02-04 10:48:10.201972123,2025-02-04 10:55:59.068274131,2025-02-04 12:38:16.897886701,5.29,7.81,Maintenance,False
INC-00724,2025-02-04 14:24:35,Medical Emergency,3,Medical,Station 07,E-04,Engine,31.545046,74.33758,2025-02-04 14:28:16.970071862,2025-02-04 14:34:08.010163394,2025-02-04 16:14:31.214333558,2.74,5.85,Available,True
INC-00098,2025-02-05 06:27:42,Medical Emergency,2,Medical,Station 21,E-05,Engine,31.568043,74.401185,2025-02-05 06:29:53.935714692,2025-02-05 06:39:25.394012471,2025-02-05 07:50:29.990646053,7.91,9.52,Maintenance,True
INC-00303,2025-02-05 15:39:49,Medical Emergency,3,Medical,Station 07,R-01,Rescue,31.526667,74.336893,2025-02-05 15:43:06.298738948,2025-02-05 15:50:12.276230692,2025-02-05 17:06:20.683465762,8.26,7.1,Available,True
INC-00482,2025-02-05 15:46:01,Medical Emergency,5,Medical,Station 12,R-03,Rescue,31.478006,74.372196,2025-02-05 15:48:29.059913416,2025-02-05 15:56:35.687289970,2025-02-05 18:33:37.613899144,4.19,8.11,Available,True
INC-00530,2025-02-06 18:43:45,Medical Emergency,3,Medical,Station 03,E-06,Engine,31.531101,74.382487,2025-02-06 18:46:19.600125354,2025-02-06 18:54:20.075522844,2025-02-06 20:46:37.186272252,5.87,8.01,Dispatched,False
INC-01004,2025-02-06 23:52:20,Medical Emergency,4,Medical,Station 03,E-07,Engine,31.516056,74.415716,2025-02-06 23:55:35.897160818,2025-02-07 00:04:46.520879738,2025-02-07 02:26:40.667906126,9.37,9.18,Available,True
INC-00993,2025-02-07 15:08:18,Hazmat,4,Chemical,Station 07,H-01,Hazmat Unit,31.537277,74.349354,2025-02-07 15:10:48.208715982,2025-02-07 15:15:32.606512968,2025-02-07 17:39:00.308816340,3.13,4.74,Available,True
INC-00192,2025-02-07 16:33:35,Structure Fire,4,Fire,Station 12,L-02,Ladder,31.517301,74.351423,2025-02-07 16:36:33.783910772,2025-02-07 16:44:01.547244278,2025-02-07 18:36:10.572379292,3.22,7.46,Available,True
INC-00763,2025-02-07 18:55:08,Vehicle Accident,4,Road Traffic,Station 03,R-04,Rescue,31.55516,74.332488,2025-02-07 18:58:37.162275440,2025-02-07 19:07:46.170295064,2025-02-07 21:08:49.843920938,4.06,9.15,Available,True
INC-00972,2025-02-08 08:44:52,Vehicle Accident,4,Road Traffic,Station 03,E-05,Engine,31.547425,74.341903,2025-02-08 08:48:59.314090732,2025-02-08 09:00:19.556208430,2025-02-08 10:54:08.319304516,8.1,11.34,Available,False
INC-00871,2025-02-08 09:59:04,Structure Fire,5,Fire,Station 12,L-01,Ladder,31.479918,74.384923,2025-02-08 10:03:43.037205004,2025-02-08 10:15:20.104758976,2025-02-08 12:21:49.629582304,6.32,11.62,Available,False
INC-00191,2025-02-08 13:17:48,Structure Fire,3,Fire,Station 07,L-01,Ladder,31.537199,74.36096,2025-02-08 13:19:13.154432118,2025-02-08 13:26:32.312992140,2025-02-08 14:44:12.966442686,7.33,7.32,Available,True
INC-00898,2025-02-08 15:20:42,Vehicle Accident,3,Road Traffic,Station 12,E-06,Engine,31.508535,74.371798,2025-02-08 15:24:15.903869736,2025-02-08 15:28:44.849154606,2025-02-08 17:23:58.727418258,2.76,4.48,Available,True
INC-00199,2025-02-08 16:53:34,Water Rescue,4,Water,Station 07,R-04,Rescue,31.540944,74.334053,2025-02-08 16:56:36.729173836,2025-02-08 17:08:16.634078470,2025-02-08 19:08:47.697345382,11.37,11.67,Available,True
INC-00023,2025-02-08 17:06:09,Hazmat,5,Chemical,Station 07,R-03,Rescue,31.546724,74.329892,2025-02-08 17:08:19.414662084,2025-02-08 17:12:48.780305970,2025-02-08 19:22:26.519814780,2.23,4.49,Dispatched,True
INC-00107,2025-02-08 23:10:12,Medical Emergency,3,Medical,Station 07,E-06,Engine,31.533811,74.326565,2025-02-08 23:11:53.989870608,2025-02-08 23:23:15.969940434,2025-02-09 01:22:36.439513980,11.03,11.37,Available,True
INC-00728,2025-02-09 00:02:00,Confined Space,3,Confined Space,Station 12,E-04,Engine,31.482371,74.398806,2025-02-09 00:02:35.285116560,2025-02-09 00:10:18.228390066,2025-02-09 01:41:08.317169184,5.54,7.72,Available,True
INC-00573,2025-02-09 02:46:09,Medical Emergency,2,Medical,Station 07,E-07,Engine,31.53539,74.34976,2025-02-09 02:47:37.027694058,2025-02-09 02:53:25.669676586,2025-02-09 04:37:55.731564498,3.13,5.81,Available,True
INC-00060,2025-02-09 04:22:37,Medical Emergency,2,Medical,Station 03,E-05,Engine,31.518795,74.369969,2025-02-09 04:25:07.016673447,2025-02-09 04:32:04.905893577,2025-02-09 06:24:15.839397285,3.92,6.96,Available,True
INC-00455,2025-02-09 20:41:24,Structure Fire,5,Fire,Station 03,R-02,Rescue,31.532795,74.37463,2025-02-09 20:45:43.263737796,2025-02-09 20:56:51.808091436,2025-02-09 23:24:08.914677149,7.71,11.14,Dispatched,True
INC-00453,2025-02-09 22:42:36,Medical Emergency,1,Medical,Station 07,R-04,Rescue,31.519061,74.321276,2025-02-09 22:44:21.145844802,2025-02-09 22:50:59.860991832,2025-02-09 23:14:12.260219082,6.55,6.65,Available,True
INC-00113,2025-02-10 10:44:39,Vehicle Accident,4,Road Traffic,Station 07,R-03,Rescue,31.540842,74.321586,2025-02-10 10:46:20.760819570,2025-02-10 10:53:11.917141014,2025-02-10 13:08:14.288469846,7.02,6.85,Available,True
INC-00550,2025-02-10 13:05:57,Hazmat,4,Chemical,Station 07,E-03,Engine,31.561403,74.363003,2025-02-10 13:08:08.773915080,2025-02-10 13:16:50.344769856,2025-02-10 14:46:50.682406266,4.02,8.69,Dispatched,True
INC-00089,2025-02-11 11:45:02,Vehicle Accident,3,Road Traffic,Station 07,R-04,Rescue,31.51581,74.352593,2025-02-11 11:46:45.589981166,2025-02-11 11:56:30.161739980,2025-02-11 13:42:01.280947346,5.84,9.74,Dispatched,True
INC-00781,2025-02-11 15:57:45,Structure Fire,4,Fire,Station 03,E-02,Engine,31.535996,74.327064,2025-02-11 15:59:51.177825612,2025-02-11 16:09:14.749985772,2025-02-11 17:54:39.941537940,7.9,9.39,Available,True
INC-00339,2025-02-11 19:30:00,Medical Emergency,3,Medical,Station 12,E-05,Engine,31.486758,74.390606,2025-02-11 19:33:39.080662830,2025-02-11 19:44:38.525146110,2025-02-11 21:51:03.027634872,7.79,10.99,Available,True
INC-00618,2025-02-11 19:30:10,Vehicle Accident,3,Road Traffic,Station 12,E-05,Engine,31.487612,74.372764,2025-02-11 19:33:27.288180976,2025-02-11 19:45:11.768882680,2025-02-11 21:28:26.938311700,9.47,11.74,Dispatched,True
INC-00657,2025-02-12 17:55:05,Medical Emergency,2,Medical,Station 21,R-04,Rescue,31.574936,74.392412,2025-02-12 17:56:12.984285313,2025-02-12 18:04:38.825314567,2025-02-12 19:22:41.364987337,8.55,8.43,Available,True
INC-00585,2025-02-12 18:39:21,Structure Fire,4,Fire,Station 12,E-05,Engine,31.470947,74.373814,2025-02-12 18:42:49.887014292,2025-02-12 18:54:14.819463540,2025-02-12 21:00:51.965051622,9.18,11.42,Available,False
INC-00613,2025-02-12 19:36:31,Confined Space,2,Confined Space,Station 07,R-02,Rescue,31.504355,74.348607,2025-02-12 19:38:41.016753922,2025-02-12 19:52:37.058365906,2025-02-12 21:52:41.999726854,12.52,13.93,Available,True
INC-00751,2025-02-13 07:13:16,Structure Fire,4,Fire,Station 03,E-02,Engine,31.529743,74.388176,2025-02-13 07:15:43.860656926,2025-02-13 07:24:14.789965948,2025-02-13 09:22:20.988444994,8.17,8.52,Dispatched,True
INC-00705,2025-02-13 13:17:04,High-Rise Rescue,4,High-Rise,Station 03,L-01,Ladder,31.524438,74.370783,2025-02-13 13:18:55.315720714,2025-02-13 13:25:37.088021002,2025-02-13 15:37:21.535984570,2.91,6.7,Available,False
INC-00787,2025-02-13 16:00:11,Medical Emergency,2,Medical,Station 21,E-05,Engine,31.567747,74.401462,2025-02-13 16:02:32.217379208,2025-02-13 16:07:21.197256650,2025-02-13 17:04:46.453353242,4.41,4.82,Available,True
INC-00445,2025-02-13 16:02:42,Hazmat,5,Chemical,Station 03,H-02,Hazmat Unit,31.501247,74.313644,2025-02-13 16:04:07.056670428,2025-02-13 16:11:04.572873060,2025-02-13 18:30:35.059067436,3.9,6.96,Available,True
INC-00793,2025-02-13 20:19:00,Structure Fire,5,Fire,Station 07,R-03,Rescue,31.529711,74.30995,2025-02-13 20:23:40.540896504,2025-02-13 20:35:45.190902354,2025-02-13 22:47:19.328935494,7.36,12.08,Dispatched,True
INC-00146,2025-02-14 14:22:19,Hazmat,5,Chemical,Station 03,H-02,Hazmat Unit,31.527351,74.352141,2025-02-14 14:23:59.431300972,2025-02-14 14:35:19.584754114,2025-02-14 16:49:21.968994346,9.32,11.34,Available,True
INC-00475,2025-02-14 23:33:22,Medical Emergency,3,Medical,Station 12,R-02,Rescue,31.49176,74.400647,2025-02-14 23:36:50.955097438,2025-02-14 23:42:25.072164136,2025-02-15 01:48:22.212667096,4.88,5.57,Available,True
INC-00980,2025-02-15 06:55:42,Medical Emergency,3,Medical,Station 07,R-03,Rescue,31.562399,74.336739,2025-02-15 06:58:33.679077432,2025-02-15 07:09:49.257578436,2025-02-15 08:44:01.213999236,12.21,11.26,Available,True
INC-01017,2025-02-16 00:47:46,Medical Emergency,4,Medical,Station 07,R-03,Rescue,31.529348,74.295919,2025-02-16 00:52:18.510348898,2025-02-16 01:01:05.751634750,2025-02-16 02:50:33.511655398,8.11,8.79,Available,True
INC-00687,2025-02-16 17:04:11,Medical Emergency,3,Medical,Station 12,E-04,Engine,31.483905,74.352581,2025-02-16 17:06:44.136720818,2025-02-16 17:14:26.815537016,2025-02-16 18:51:05.496097202,3.26,7.71,Dispatched,True
INC-01024,2025-02-16 18:21:19,Structure Fire,3,Fire,Station 03,R-01,Rescue,31.482548,74.338229,2025-02-16 18:24:44.227685026,2025-02-16 18:35:51.901692010,2025-02-16 20:12:14.418960796,6.89,11.13,Available,True
INC-01054,2025-02-17 11:04:33,Medical Emergency,4,Medical,Station 12,E-02,Engine,31.47649,74.392234,2025-02-17 11:06:32.771437698,2025-02-17 11:12:25.654894566,2025-02-17 13:11:41.151214254,3.36,5.88,Available,True
INC-00321,2025-02-17 20:41:54,High-Rise Rescue,4,High-Rise,Station 03,L-03,Ladder,31.516789,74.365986,2025-02-17 20:45:27.316870950,2025-02-17 20:58:40.023182016,2025-02-17 22:37:05.959437090,10.91,13.21,Maintenance,True
INC-00078,2025-02-18 02:14:59,Structure Fire,5,Fire,Station 07,E-06,Engine,31.537017,74.323687,2025-02-18 02:16:12.178211498,2025-02-18 02:28:26.027934128,2025-02-18 04:20:16.016293856,10.32,12.23,Available,True
INC-00938,2025-02-18 05:21:40,Structure Fire,5,Fire,Station 12,E-06,Engine,31.469966,74.370458,2025-02-18 05:23:31.178894962,2025-02-18 05:30:12.699569728,2025-02-18 07:52:47.345832556,2.33,6.69,Available,True
INC-00532,2025-02-18 10:10:39,Structure Fire,3,Fire,Station 03,L-02,Ladder,31.523428,74.329672,2025-02-18 10:14:05.790244740,2025-02-18 10:20:21.926516021,2025-02-18 12:07:46.978625537,7.24,6.27,Available,True
INC-00716,2025-02-18 13:59:31,Vehicle Accident,5,Road Traffic,Station 03,E-02,Engine,31.512255,74.381755,2025-02-18 14:03:04.274290042,2025-02-18 14:16:16.806926560,2025-02-18 16:22:06.879917806,11.54,13.21,Available,True
INC-00266,2025-02-19 07:13:42,Structure Fire,3,Fire,Station 12,L-03,Ladder,31.479774,74.336892,2025-02-19 07:15:03.736750890,2025-02-19 07:22:33.006732474,2025-02-19 08:41:58.047172458,8.12,7.49,Available,True
INC-00593,2025-02-19 16:55:39,Vehicle Accident,4,Road Traffic,Station 07,E-08,Engine,31.51768,74.346442,2025-02-19 16:56:38.801492616,2025-02-19 17:05:24.243265230,2025-02-19 19:21:19.543021128,6.9,8.76,Available,True
INC-00419,2025-02-19 18:55:54,High-Rise Rescue,5,High-Rise,Station 21,E-03,Engine,31.545464,74.410938,2025-02-19 18:58:16.646053014,2025-02-19 19:08:44.400233106,2025-02-19 20:52:41.942086038,5.67,10.46,Dispatched,True
INC-00237,2025-02-20 00:37:32,Medical Emergency,4,Medical,Station 03,R-02,Rescue,31.479551,74.348795,2025-02-20 00:40:10.917836072,2025-02-20 00:46:14.782322714,2025-02-20 02:26:05.142358760,6.33,6.06,Available,False
INC-00470,2025-02-20 04:24:28,Medical Emergency,4,Medical,Station 12,E-05,Engine,31.479859,74.399823,2025-02-20 04:27:33.515535328,2025-02-20 04:36:18.935731912,2025-02-20 06:50:10.959672610,5.09,8.76,Available,True
INC-00353,2025-02-20 06:02:27,Vehicle Accident,4,Road Traffic,Station 07,R-04,Rescue,31.55495,74.323396,2025-02-20 06:04:52.060984740,2025-02-20 06:12:56.864993178,2025-02-20 07:44:18.972042318,4.3,8.08,Available,True
INC-00991,2025-02-20 07:09:20,Structure Fire,4,Fire,Station 12,L-02,Ladder,31.535583,74.353931,2025-02-20 07:10:51.064408070,2025-02-20 07:16:37.522701764,2025-02-20 09:15:07.665953035,5.82,5.77,Available,False
INC-00285,2025-02-20 14:28:13,Vehicle Accident,3,Road Traffic,Station 12,E-02,Engine,31.50388,74.364573,2025-02-20 14:31:08.888108686,2025-02-20 14:39:18.989298550,2025-02-20 16:21:57.768954832,6.05,8.17,Available,False
INC-00815,2025-02-21 00:30:49,Medical Emergency,1,Medical,Station 03,E-03,Engine,31.533443,74.356796,2025-02-21 00:33:06.717812698,2025-02-21 00:42:53.995238854,2025-02-21 01:58:41.560327792,6.62,9.79,Available,True
INC-00544,2025-02-21 04:23:21,Water Rescue,4,Water,Station 03,W-01,Water Rescue Unit,31.529895,74.365612,2025-02-21 04:24:27.235829412,2025-02-21 04:33:48.344484912,2025-02-21 06:30:34.597420632,6.61,9.35,Available,True
INC-00816,2025-02-21 05:30:19,Medical Emergency,3,Medical,Station 07,R-01,Rescue,31.519128,74.328485,2025-02-21 05:32:09.853818010,2025-02-21 05:39:15.199300036,2025-02-21 07:40:58.227634012,4.48,7.09,Available,True
INC-00987,2025-02-21 15:50:18,Structure Fire,5,Fire,Station 07,E-06,Engine,31.504225,74.324338,2025-02-21 15:52:59.194830060,2025-02-21 15:59:27.711975438,2025-02-21 18:27:37.364008314,5.71,6.48,Maintenance,True
INC-00994,2025-02-21 16:19:10,Vehicle Accident,3,Road Traffic,Station 07,E-02,Engine,31.530496,74.335779,2025-02-21 16:22:05.299697122,2025-02-21 16:28:08.600871184,2025-02-21 18:07:16.669469746,4.22,6.06,Available,True
INC-00660,2025-02-21 16:37:51,Medical Emergency,3,Medical,Station 07,E-02,Engine,31.557216,74.320845,2025-02-21 16:40:34.671758292,2025-02-21 16:48:45.534547728,2025-02-21 18:16:55.048115880,6.12,8.18,Available,True
INC-00021,2025-02-22 07:56:13,Medical Emergency,3,Medical,Station 07,R-03,Rescue,31.516895,74.362003,2025-02-22 07:57:59.960636140,2025-02-22 08:03:29.232430810,2025-02-22 09:09:39.815544172,3.86,5.49,Available,True
INC-00153,2025-02-22 14:39:43,Vehicle Accident,3,Road Traffic,Station 07,E-02,Engine,31.557748,74.335043,2025-02-22 14:43:02.034615508,2025-02-22 14:55:42.260551534,2025-02-22 16:04:21.698515720,13.21,12.67,Available,False
INC-00944,2025-02-22 23:43:58,Vehicle Accident,3,Road Traffic,Station 12,E-08,Engine,31.451894,74.357367,2025-02-22 23:47:18.148986586,2025-02-22 23:52:18.762100900,2025-02-23 02:08:23.437835734,1.83,5.01,Maintenance,False
INC-00702,2025-02-23 00:14:41,Vehicle Accident,3,Road Traffic,Station 03,R-04,Rescue,31.495979,74.358549,2025-02-23 00:17:18.574797752,2025-02-23 00:29:59.580721592,2025-02-23 02:04:34.623021830,13.52,12.68,Available,True
INC-00745,2025-02-23 04:21:17,Structure Fire,4,Fire,Station 07,R-02,Rescue,31.560147,74.313944,2025-02-23 04:24:50.788320968,2025-02-23 04:39:37.754069852,2025-02-23 06:46:11.892702368,17.61,14.78,Available,True
INC-00611,2025-02-23 06:03:40,Structure Fire,3,Fire,Station 12,L-02,Ladder,31.490485,74.364744,2025-02-23 06:05:54.007732984,2025-02-23 06:15:52.575935824,2025-02-23 08:12:53.121879160,10.62,9.98,Dispatched,True
INC-01077,2025-02-23 21:48:13,Hazmat,4,Chemical,Station 07,E-01,Engine,31.50826,74.350176,2025-02-23 21:49:47.592567814,2025-02-23 21:58:16.121862136,2025-02-23 23:27:56.842062334,4.87,8.48,Available,True
INC-00729,2025-02-24 12:37:55,Medical Emergency,2,Medical,Station 21,E-05,Engine,31.52932,74.358492,2025-02-24 12:40:46.770650980,2025-02-24 12:47:46.624632226,2025-02-24 13:54:41.770916014,6.15,7.0,Available,False
INC-00138,2025-02-25 07:54:10,Structure Fire,5,Fire,Station 12,E-03,Engine,31.502374,74.339267,2025-02-25 07:56:14.079263572,2025-02-25 08:00:45.168492298,2025-02-25 10:11:41.841019636,2.91,4.52,Available,False
INC-00709,2025-02-25 22:32:57,Water Rescue,5,Water,Station 07,W-02,Water Rescue Unit,31.553024,74.353698,2025-02-25 22:35:29.964526632,2025-02-25 22:49:40.348114824,2025-02-26 01:05:32.093176788,12.98,14.17,Available,False
INC-00890,2025-02-26 02:44:47,Structure Fire,5,Fire,Station 03,E-08,Engine,31.524521,74.352092,2025-02-26 02:47:29.599259582,2025-02-26 02:54:08.764931972,2025-02-26 05:20:31.668479360,3.76,6.65,Available,True
INC-00597,2025-02-27 05:28:25,Vehicle Accident,3,Road Traffic,Station 12,E-01,Engine,31.511779,74.381071,2025-02-27 05:30:05.214334378,2025-02-27 05:34:43.463210428,2025-02-27 06:53:27.580375726,2.25,4.64,Available,True
INC-00879,2025-02-27 06:51:39,Vehicle Accident,3,Road Traffic,Station 03,R-02,Rescue,31.498277,74.356447,2025-02-27 06:54:48.188878932,2025-02-27 07:00:51.642860442,2025-02-27 08:50:58.358314326,3.45,6.06,Dispatched,True
INC-00273,2025-02-27 11:10:50,High-Rise Rescue,3,High-Rise,Station 03,L-01,Ladder,31.501634,74.378689,2025-02-27 11:11:20.000000000,2025-02-27 11:19:48.647895746,2025-02-27 13:09:24.865930232,9.78,8.48,Available,True
INC-00018,2025-02-27 15:45:05,Water Rescue,3,Water,Station 03,W-01,Water Rescue Unit,31.50123,74.328577,2025-02-27 15:46:15.400048130,2025-02-27 15:58:53.861413508,2025-02-27 17:41:56.247564338,12.74,12.64,Dispatched,True
INC-00864,2025-02-27 16:34:05,Structure Fire,4,Fire,Station 21,R-03,Rescue,31.524932,74.392298,2025-02-27 16:35:07.416048782,2025-02-27 16:44:49.156176938,2025-02-27 18:49:08.632762088,6.63,9.7,Available,True
INC-00986,2025-02-27 21:10:45,Vehicle Accident,4,Road Traffic,Station 07,E-06,Engine,31.528889,74.303671,2025-02-27 21:12:58.849195746,2025-02-27 21:23:39.093406470,2025-02-27 23:31:10.549392359,5.44,10.67,Available,False
INC-00805,2025-02-28 20:09:29,Medical Emergency,2,Medical,Station 03,R-03,Rescue,31.520408,74.372333,2025-02-28 20:12:41.227913852,2025-02-28 20:22:32.840526668,2025-02-28 20:58:20.969917982,7.52,9.86,Dispatched,True
INC-00650,2025-02-28 20:28:41,Medical Emergency,2,Medical,Station 03,R-03,Rescue,31.505914,74.361903,2025-02-28 20:32:20.313747464,2025-02-28 20:41:21.688732148,2025-02-28 21:53:13.762999076,5.02,9.02,Dispatched,True
INC-01115,2025-03-01 02:29:23,Medical Emergency,2,Medical,Station 21,R-03,Rescue,31.558089,74.414847,2025-03-01 02:30:27.998716220,2025-03-01 02:33:27.998716220,2025-03-01 03:32:35.460492026,2.41,3.0,Available,True
INC-00920,2025-03-01 05:55:22,Vehicle Accident,5,Road Traffic,Station 03,E-04,Engine,31.498088,74.337938,2025-03-01 05:57:46.974932026,2025-03-01 06:05:52.211971654,2025-03-01 08:15:19.983461020,5.71,8.09,Available,False
INC-00452,2025-03-01 09:06:37,Water Rescue,4,Water,Station 07,W-01,Water Rescue Unit,31.482149,74.327694,2025-03-01 09:09:17.989944616,2025-03-01 09:20:55.421598388,2025-03-01 11:57:11.163240580,7.75,11.62,Available,True
INC-00411,2025-03-01 10:10:07,Water Rescue,3,Water,Station 03,R-04,Rescue,31.496547,74.409569,2025-03-01 10:12:42.970895158,2025-03-01 10:20:32.708735404,2025-03-01 12:01:29.991198718,4.64,7.83,Maintenance,True
INC-00044,2025-03-01 13:53:01,Medical Emergency,2,Medical,Station 03,R-02,Rescue,31.50957,74.349361,2025-03-01 13:54:00.926534878,2025-03-01 13:59:30.374724826,2025-03-01 14:49:16.161384808,5.74,5.49,Dispatched,True
INC-01046,2025-03-01 18:54:39,Structure Fire,3,Fire,Station 21,E-03,Engine,31.559912,74.379442,2025-03-01 18:58:27.164883654,2025-03-01 19:10:09.060097074,2025-03-01 21:08:59.553443472,9.12,11.7,Dispatched,False
INC-00122,2025-03-01 20:57:16,Medical Emergency,2,Medical,Station 07,R-02,Rescue,31.559003,74.3391,2025-03-01 21:01:33.651858136,2025-03-01 21:11:59.137875526,2025-03-01 22:32:47.634355522,7.72,10.42,Available,True
INC-00363,2025-03-02 00:08:22,Hazmat,3,Chemical,Station 21,E-07,Engine,31.552014,74.383533,2025-03-02 00:09:24.727301272,2025-03-02 00:16:24.892781620,2025-03-02 02:19:38.543647774,4.66,7.0,Available,True
INC-00950,2025-03-02 14:46:36,Hazmat,5,Chemical,Station 03,E-03,Engine,31.520772,74.361377,2025-03-02 14:49:37.855735674,2025-03-02 14:55:36.668735526,2025-03-02 16:58:28.018092012,5.07,5.98,Available,True
INC-00877,2025-03-03 09:28:29,Structure Fire,5,Fire,Station 03,R-04,Rescue,31.491683,74.348678,2025-03-03 09:31:14.454009488,2025-03-03 09:38:58.063446152,2025-03-03 11:48:41.797458704,6.74,7.73,Available,True
INC-00396,2025-03-03 13:53:05,Medical Emergency,3,Medical,Station 03,E-07,Engine,31.497314,74.334587,2025-03-03 13:56:04.425388064,2025-03-03 13:59:05.122534700,2025-03-03 15:09:21.657680881,2.55,3.01,Available,False
INC-00799,2025-03-03 17:17:40,Water Rescue,3,Water,Station 03,W-01,Water Rescue Unit,31.51154,74.378861,2025-03-03 17:20:02.519424712,2025-03-03 17:28:42.311665936,2025-03-03 18:55:41.669175544,7.33,8.66,Dispatched,True
INC-00403,2025-03-03 17:25:52,Structure Fire,4,Fire,Station 12,E-03,Engine,31.456176,74.344115,2025-03-03 17:28:27.675514594,2025-03-03 17:34:00.871944418,2025-03-03 19:39:33.645248524,4.02,5.55,Available,True
INC-00846,2025-03-04 14:44:21,Vehicle Accident,3,Road Traffic,Station 21,E-01,Engine,31.555267,74.394472,2025-03-04 14:44:51.000000000,2025-03-04 14:55:47.265856464,2025-03-04 15:56:18.780172290,12.5,10.94,Available,False
INC-00825,2025-03-05 05:26:50,Structure Fire,4,Fire,Station 07,L-02,Ladder,31.530273,74.324063,2025-03-05 05:29:47.152153238,2025-03-05 05:38:44.214740918,2025-03-05 07:33:51.535276628,8.14,8.95,Dispatched,True
INC-00289,2025-03-05 09:40:47,Medical Emergency,3,Medical,Station 12,R-04,Rescue,31.484794,74.360729,2025-03-05 09:42:55.799275760,2025-03-05 09:48:08.547911630,2025-03-05 10:45:26.949989180,3.54,5.21,Available,True
INC-00162,2025-03-05 20:13:09,High-Rise Rescue,4,High-Rise,Station 03,R-03,Rescue,31.521217,74.371824,2025-03-05 20:15:50.793726720,2025-03-05 20:30:09.968189940,2025-03-05 22:16:07.673602146,9.65,14.32,Available,True
INC-01018,2025-03-06 08:09:16,Medical Emergency,5,Medical,Station 07,E-06,Engine,31.540659,74.312121,2025-03-06 08:12:26.310345076,2025-03-06 08:21:07.063410694,2025-03-06 10:11:13.928582776,5.12,8.68,Available,True
INC-00949,2025-03-06 09:01:07,Structure Fire,4,Fire,Station 21,L-02,Ladder,31.547188,74.399259,2025-03-06 09:03:20.893637200,2025-03-06 09:16:25.772116966,2025-03-06 11:45:09.241555618,11.88,13.08,Dispatched,False
INC-00194,2025-03-07 10:37:17,Medical Emergency,5,Medical,Station 03,R-02,Rescue,31.531057,74.36331,2025-03-07 10:39:48.701370296,2025-03-07 10:47:37.283646068,2025-03-07 13:10:58.367907146,3.97,7.81,Available,False
INC-00891,2025-03-07 11:53:16,Vehicle Accident,2,Road Traffic,Station 21,R-04,Rescue,31.541881,74.378081,2025-03-07 11:55:52.037022118,2025-03-07 11:59:17.954202526,2025-03-07 12:59:19.644649396,3.49,3.43,Available,False
INC-00029,2025-03-07 13:33:09,Structure Fire,4,Fire,Station 07,E-07,Engine,31.511856,74.289321,2025-03-07 13:36:12.517544250,2025-03-07 13:45:31.191901368,2025-03-07 15:30:19.469546700,7.29,9.31,Dispatched,True
INC-00281,2025-03-07 16:18:39,Vehicle Accident,3,Road Traffic,Station 03,R-03,Rescue,31.527905,74.354352,2025-03-07 16:21:26.999591916,2025-03-07 16:28:48.357037800,2025-03-07 17:31:19.706833416,4.37,7.36,Dispatched,True
INC-00645,2025-03-07 23:00:48,Hazmat,4,Chemical,Station 12,E-03,Engine,31.474106,74.377621,2025-03-07 23:03:52.691087058,2025-03-07 23:10:45.439532046,2025-03-08 01:14:09.631546122,6.45,6.88,Dispatched,True
INC-00268,2025-03-08 06:26:10,Structure Fire,5,Fire,Station 07,L-01,Ladder,31.550861,74.330246,2025-03-08 06:28:45.474927994,2025-03-08 06:34:40.231858576,2025-03-08 08:54:52.954415290,2.57,5.91,Available,True
INC-00648,2025-03-08 10:07:32,Hazmat,3,Chemical,Station 03,E-05,Engine,31.523654,74.35999,2025-03-08 10:10:08.201570114,2025-03-08 10:18:42.916387568,2025-03-08 12:18:40.919700704,5.58,8.58,Available,True
INC-00033,2025-03-08 11:17:46,Medical Emergency,2,Medical,Station 07,E-01,Engine,31.528146,74.306237,2025-03-08 11:20:32.925456814,2025-03-08 11:28:50.785507390,2025-03-08 12:39:49.059263866,4.55,8.3,Available,True
INC-00889,2025-03-08 12:29:32,Structure Fire,4,Fire,Station 12,R-04,Rescue,31.496286,74.375514,2025-03-08 12:30:02.000000000,2025-03-08 12:42:35.592529598,2025-03-08 15:01:19.914791000,12.53,12.56,Available,True
INC-00874,2025-03-09 04:54:26,Vehicle Accident,4,Road Traffic,Station 21,R-03,Rescue,31.573332,74.377495,2025-03-09 04:56:33.191382992,2025-03-09 05:06:11.645155514,2025-03-09 07:17:42.944434220,9.33,9.64,Available,True
INC-00238,2025-03-09 09:16:24,Structure Fire,4,Fire,Station 03,E-01,Engine,31.503763,74.382988,2025-03-09 09:19:18.841389966,2025-03-09 09:27:53.416694232,2025-03-09 11:26:09.305311590,6.43,8.58,Available,True
INC-00415,2025-03-09 17:59:44,Confined Space,4,Confined Space,Station 03,E-05,Engine,31.522072,74.375553,2025-03-09 18:02:09.369765158,2025-03-09 18:11:54.262352414,2025-03-09 20:14:41.478405548,7.93,9.75,Available,True
INC-00178,2025-03-10 03:46:34,Hazmat,4,Chemical,Station 03,H-02,Hazmat Unit,31.559744,74.378341,2025-03-10 03:48:11.728274740,2025-03-10 03:58:34.455909466,2025-03-10 05:32:20.821712380,10.05,10.38,Available,True
INC-00232,2025-03-10 05:39:04,Hazmat,3,Chemical,Station 07,H-02,Hazmat Unit,31.525585,74.3496,2025-03-10 05:41:01.571666812,2025-03-10 05:50:51.708224830,2025-03-10 07:55:14.561606830,9.25,9.84,Available,True
INC-00386,2025-03-10 19:49:54,Medical Emergency,4,Medical,Station 03,E-06,Engine,31.510436,74.355128,2025-03-10 19:52:35.202733758,2025-03-10 20:02:45.961246524,2025-03-10 22:03:25.269860946,6.07,10.18,Dispatched,True
INC-00916,2025-03-11 01:31:46,Confined Space,4,Confined Space,Station 03,R-02,Rescue,31.520503,74.370788,2025-03-11 01:33:22.992958336,2025-03-11 01:43:19.706180536,2025-03-11 03:16:45.094953436,5.27,9.95,Available,False
INC-00022,2025-03-11 16:11:17,Hazmat,5,Chemical,Station 21,R-03,Rescue,31.524232,74.40653,2025-03-11 16:13:26.468988140,2025-03-11 16:19:09.479508788,2025-03-11 18:35:50.727712106,2.65,5.72,Dispatched,False
INC-00376,2025-03-11 22:11:35,Hazmat,4,Chemical,Station 03,E-03,Engine,31.506179,74.390461,2025-03-11 22:14:47.009399372,2025-03-11 22:22:53.525268464,2025-03-12 00:36:50.555212016,3.88,8.11,Available,True
INC-00882,2025-03-12 04:08:23,Hazmat,4,Chemical,Station 21,H-01,Hazmat Unit,31.561902,74.38292,2025-03-12 04:10:45.491905346,2025-03-12 04:17:42.399210014,2025-03-12 06:49:09.336890264,2.03,6.95,Available,False
INC-00911,2025-03-12 09:25:50,Structure Fire,4,Fire,Station 21,R-01,Rescue,31.53046,74.404051,2025-03-12 09:27:22.653308444,2025-03-12 09:36:10.853832644,2025-03-12 11:24:32.511636746,6.69,8.8,Dispatched,False
INC-00596,2025-03-12 13:18:49,Structure Fire,5,Fire,Station 03,E-01,Engine,31.499909,74.398704,2025-03-12 13:21:21.858826222,2025-03-12 13:35:11.971185082,2025-03-12 15:28:51.133655170,14.06,13.84,Dispatched,True
INC-00517,2025-03-12 14:20:28,Structure Fire,4,Fire,Station 07,L-01,Ladder,31.546054,74.331518,2025-03-12 14:22:45.677396104,2025-03-12 14:33:28.487950936,2025-03-12 16:42:07.966285030,4.71,10.71,Available,True
INC-00429,2025-03-12 15:58:45,Structure Fire,4,Fire,Station 12,R-04,Rescue,31.474617,74.365261,2025-03-12 16:01:23.242566054,2025-03-12 16:08:19.185134136,2025-03-12 17:34:32.076287964,7.64,6.93,Available,False
INC-00035,2025-03-12 18:16:30,High-Rise Rescue,4,High-Rise,Station 07,L-03,Ladder,31.54266,74.332478,2025-03-12 18:19:44.925141126,2025-03-12 18:33:30.636257004,2025-03-12 20:31:00.781563263,12.96,13.76,Available,True
INC-00718,2025-03-12 19:41:40,Structure Fire,4,Fire,Station 03,R-02,Rescue,31.515021,74.329488,2025-03-12 19:45:25.438756588,2025-03-12 19:58:56.423528602,2025-03-12 21:38:31.055589700,6.61,13.52,Available,True
INC-01016,2025-03-13 16:53:20,Structure Fire,5,Fire,Station 07,E-07,Engine,31.503437,74.294585,2025-03-13 16:54:56.976881612,2025-03-13 17:00:53.099296706,2025-03-13 19:51:24.945514028,7.29,5.94,Available,False
INC-00841,2025-03-13 18:24:06,Vehicle Accident,4,Road Traffic,Station 03,E-02,Engine,31.539678,74.38785,2025-03-13 18:27:07.217212182,2025-03-13 18:42:08.905406916,2025-03-13 21:01:18.847671450,8.24,15.03,Available,True
INC-00467,2025-03-13 22:17:04,Structure Fire,5,Fire,Station 03,L-01,Ladder,31.517384,74.30158,2025-03-13 22:20:20.557607098,2025-03-13 22:27:50.722378155,2025-03-14 01:23:47.123166285,4.25,7.5,Available,True
INC-00975,2025-03-14 17:51:28,Medical Emergency,3,Medical,Station 07,E-07,Engine,31.533883,74.30757,2025-03-14 17:52:59.408017947,2025-03-14 17:57:44.858351049,2025-03-14 19:10:58.112900067,4.35,4.76,Available,True
INC-00308,2025-03-15 01:55:27,Structure Fire,5,Fire,Station 12,E-05,Engine,31.508883,74.324725,2025-03-15 01:58:16.712663760,2025-03-15 02:05:54.674139696,2025-03-15 04:09:56.883865164,2.99,7.63,Available,True
INC-00582,2025-03-15 03:28:27,Hazmat,5,Chemical,Station 12,R-03,Rescue,31.501648,74.367526,2025-03-15 03:32:12.283261230,2025-03-15 03:41:49.726445052,2025-03-15 05:55:01.499645142,6.94,9.62,Available,True
INC-00075,2025-03-16 01:13:06,High-Rise Rescue,4,High-Rise,Station 12,R-03,Rescue,31.469263,74.369523,2025-03-16 01:15:13.560963119,2025-03-16 01:26:16.456537595,2025-03-16 02:59:01.020398423,11.1,11.05,Available,True
INC-00320,2025-03-16 02:53:23,Medical Emergency,2,Medical,Station 07,E-04,Engine,31.507463,74.316433,2025-03-16 02:55:58.075799720,2025-03-16 03:05:59.968273837,2025-03-16 04:27:58.080022495,6.69,10.03,Maintenance,False
INC-00263,2025-03-17 01:15:31,Medical Emergency,4,Medical,Station 07,R-03,Rescue,31.517603,74.357486,2025-03-17 01:18:38.500214644,2025-03-17 01:22:42.259368880,2025-03-17 03:46:38.560372252,2.46,4.06,Available,True
INC-00181,2025-03-17 08:27:05,Hazmat,5,Chemical,Station 07,H-02,Hazmat Unit,31.526284,74.3493,2025-03-17 08:30:21.874546418,2025-03-17 08:35:51.357353582,2025-03-17 10:57:38.421928772,5.01,5.49,Available,True
INC-00515,2025-03-17 09:00:40,Medical Emergency,4,Medical,Station 03,E-01,Engine,31.527932,74.384767,2025-03-17 09:01:17.574069484,2025-03-17 09:11:44.793719152,2025-03-17 10:37:54.702625192,5.99,10.45,Dispatched,True
INC-01099,2025-03-17 19:19:06,Medical Emergency,1,Medical,Station 07,E-04,Engine,31.517238,74.28063,2025-03-17 19:22:50.098356582,2025-03-17 19:32:47.196730134,2025-03-17 20:49:06.906096156,5.05,9.95,Available,False
INC-00519,2025-03-17 21:06:08,Vehicle Accident,3,Road Traffic,Station 12,R-03,Rescue,31.467931,74.375779,2025-03-17 21:08:35.690847758,2025-03-17 21:23:03.772549136,2025-03-17 23:00:47.301168710,15.28,14.47,Available,False
INC-00126,2025-03-17 21:09:28,Medical Emergency,4,Medical,Station 12,E-07,Engine,31.478329,74.383737,2025-03-17 21:12:25.603445800,2025-03-17 21:25:49.578610870,2025-03-17 23:36:24.066074734,12.91,13.4,Maintenance,True
INC-00638,2025-03-18 08:38:39,Vehicle Accident,5,Road Traffic,Station 07,E-07,Engine,31.538123,74.306931,2025-03-18 08:42:02.264350026,2025-03-18 08:53:41.891871984,2025-03-18 11:15:29.260501284,10.45,11.66,Dispatched,True
INC-00283,2025-03-18 11:54:40,Medical Emergency,2,Medical,Station 07,E-01,Engine,31.516103,74.342222,2025-03-18 11:57:59.128593064,2025-03-18 12:03:35.115028510,2025-03-18 13:25:31.265143312,3.98,5.6,Available,True
INC-00824,2025-03-18 22:18:25,Medical Emergency,4,Medical,Station 07,E-03,Engine,31.513285,74.305721,2025-03-18 22:21:36.973123966,2025-03-18 22:30:03.200212990,2025-03-19 00:51:05.687626960,5.72,8.44,Available,True
INC-00300,2025-03-19 01:58:28,Medical Emergency,1,Medical,Station 07,R-01,Rescue,31.531731,74.289672,2025-03-19 02:00:02.019464740,2025-03-19 02:06:29.953112140,2025-03-19 02:56:41.229934474,1.94,6.47,Available,True
INC-00755,2025-03-19 14:47:04,Vehicle Accident,4,Road Traffic,Station 12,E-05,Engine,31.526366,74.416103,2025-03-19 14:50:16.060366840,2025-03-19 14:57:43.366187626,2025-03-19 17:12:10.810601554,8.61,7.46,Available,True
INC-00868,2025-03-20 00:54:31,Confined Space,2,Confined Space,Station 07,R-02,Rescue,31.511751,74.310875,2025-03-20 00:55:23.924192296,2025-03-20 01:02:15.302489968,2025-03-20 02:19:00.717594910,6.65,6.86,Available,False
INC-00567,2025-03-20 04:12:30,Hazmat,4,Chemical,Station 21,E-02,Engine,31.578914,74.411929,2025-03-20 04:14:57.014624130,2025-03-20 04:21:55.093430388,2025-03-20 06:12:49.117499106,2.83,6.97,Available,True
INC-00731,2025-03-21 08:01:40,Hazmat,4,Chemical,Station 07,E-03,Engine,31.53032,74.332846,2025-03-21 08:04:40.231905520,2025-03-21 08:12:41.192507440,2025-03-21 10:07:13.978854928,4.8,8.02,Available,False
INC-00177,2025-03-21 22:32:06,Structure Fire,5,Fire,Station 07,R-01,Rescue,31.55489,74.305668,2025-03-21 22:35:41.936771574,2025-03-21 22:46:30.410529504,2025-03-22 00:59:39.689707386,5.56,10.81,Available,False
INC-00174,2025-03-22 00:42:30,Medical Emergency,4,Medical,Station 12,R-04,Rescue,31.461723,74.381566,2025-03-22 00:44:56.232986742,2025-03-22 00:54:26.316161382,2025-03-22 02:36:55.495719870,7.93,9.5,Available,True
INC-00914,2025-03-22 03:51:17,Water Rescue,2,Water,Station 03,W-02,Water Rescue Unit,31.54176,74.390319,2025-03-22 03:54:03.636102926,2025-03-22 04:01:38.837769662,2025-03-22 05:21:06.087118766,7.89,7.59,Dispatched,True
INC-00865,2025-03-22 07:41:45,Vehicle Accident,3,Road Traffic,Station 21,E-02,Engine,31.586734,74.398814,2025-03-22 07:43:14.575008336,2025-03-22 07:50:39.323544678,2025-03-22 09:45:12.817027176,5.14,7.41,Dispatched,True
INC-01066,2025-03-22 11:35:57,High-Rise Rescue,5,High-Rise,Station 07,E-04,Engine,31.556834,74.327523,2025-03-22 11:39:31.850371422,2025-03-22 11:46:14.703049866,2025-03-22 13:40:19.670795010,3.56,6.71,Dispatched,True
INC-00842,2025-03-22 19:58:16,Medical Emergency,4,Medical,Station 12,E-01,Engine,31.495891,74.386082,2025-03-22 20:01:41.050282318,2025-03-22 20:09:57.176170738,2025-03-22 21:56:25.254096790,4.22,8.27,Maintenance,True
INC-00867,2025-03-23 01:09:47,Vehicle Accident,4,Road Traffic,Station 03,R-01,Rescue,31.50041,74.36617,2025-03-23 01:11:53.206236452,2025-03-23 01:21:25.503539564,2025-03-23 03:30:58.383451928,6.96,9.54,Available,True
INC-01042,2025-03-24 04:49:33,Confined Space,3,Confined Space,Station 21,E-02,Engine,31.579958,74.394883,2025-03-24 04:51:10.333499088,2025-03-24 04:56:40.397791188,2025-03-24 06:46:29.360695668,5.34,5.5,Available,True
INC-00297,2025-03-24 05:07:10,Structure Fire,4,Fire,Station 12,E-08,Engine,31.485711,74.352366,2025-03-24 05:10:04.004605522,2025-03-24 05:17:08.019644104,2025-03-24 07:01:41.471042308,2.49,7.07,Dispatched,False
INC-00152,2025-03-24 12:35:44,High-Rise Rescue,5,High-Rise,Station 07,L-03,Ladder,31.536213,74.333592,2025-03-24 12:37:47.800739335,2025-03-24 12:45:13.063822477,2025-03-24 14:44:38.837749957,4.66,7.42,Available,True
INC-00968,2025-03-24 14:13:49,Water Rescue,3,Water,Station 03,R-04,Rescue,31.523897,74.36813,2025-03-24 14:16:05.162496004,2025-03-24 14:32:45.631229878,2025-03-24 16:31:37.334889160,17.78,16.67,Available,True
INC-00631,2025-03-24 19:58:40,Medical Emergency,1,Medical,Station 12,R-01,Rescue,31.476459,74.365911,2025-03-24 20:01:33.216475246,2025-03-24 20:13:13.815959446,2025-03-24 21:12:23.601018874,9.8,11.68,Available,True
INC-00250,2025-03-25 09:32:27,Medical Emergency,2,Medical,Station 07,R-01,Rescue,31.53154,74.350671,2025-03-25 09:35:03.040754520,2025-03-25 09:49:20.320540326,2025-03-25 11:32:56.661750162,14.69,14.29,Available,False
INC-00996,2025-03-25 21:51:43,Medical Emergency,1,Medical,Station 21,R-04,Rescue,31.535669,74.384031,2025-03-25 21:54:02.884995340,2025-03-25 22:03:48.715839160,2025-03-25 23:42:07.896895972,4.8,9.76,Dispatched,True
INC-00444,2025-03-26 02:16:35,Structure Fire,4,Fire,Station 07,L-03,Ladder,31.531141,74.336297,2025-03-26 02:19:02.611419518,2025-03-26 02:26:05.389300826,2025-03-26 03:55:16.066141616,4.04,7.05,Available,False
INC-00091,2025-03-26 06:36:09,Medical Emergency,2,Medical,Station 12,R-04,Rescue,31.492001,74.366686,2025-03-26 06:38:57.743918814,2025-03-26 06:49:31.427820210,2025-03-26 08:20:03.650297292,9.98,10.56,Available,True
INC-00499,2025-03-26 16:02:40,Medical Emergency,2,Medical,Station 12,R-02,Rescue,31.490004,74.357354,2025-03-26 16:05:24.132364642,2025-03-26 16:13:56.532799186,2025-03-26 17:35:52.868600446,7.02,8.54,Available,True
INC-00406,2025-03-26 19:35:41,Water Rescue,5,Water,Station 07,W-02,Water Rescue Unit,31.557968,74.333913,2025-03-26 19:38:40.905523040,2025-03-26 19:55:01.822342082,2025-03-26 21:48:48.578334206,14.78,16.35,Available,True
INC-00588,2025-03-27 01:12:20,Medical Emergency,2,Medical,Station 21,R-01,Rescue,31.553989,74.355812,2025-03-27 01:12:59.795271878,2025-03-27 01:19:14.513787500,2025-03-27 02:20:54.484448684,6.34,6.25,Available,True
INC-00315,2025-03-27 03:15:40,Medical Emergency,5,Medical,Station 12,R-03,Rescue,31.511664,74.351549,2025-03-27 03:17:52.479309394,2025-03-27 03:24:49.069594390,2025-03-27 05:45:54.504536938,5.66,6.94,Available,True
INC-00017,2025-03-27 16:54:12,Medical Emergency,4,Medical,Station 03,E-04,Engine,31.506647,74.347234,2025-03-27 16:55:03.389411268,2025-03-27 17:03:01.209341040,2025-03-27 19:10:52.417883472,4.13,7.96,Available,False
INC-00982,2025-03-28 10:40:10,Vehicle Accident,4,Road Traffic,Station 12,R-02,Rescue,31.508055,74.355996,2025-03-28 10:42:59.246543218,2025-03-28 10:56:13.323897400,2025-03-28 12:45:29.191229955,12.99,13.23,Available,False
INC-00610,2025-03-28 12:14:07,Vehicle Accident,4,Road Traffic,Station 07,R-01,Rescue,31.507415,74.338196,2025-03-28 12:15:28.752457282,2025-03-28 12:20:10.411197484,2025-03-28 14:28:18.883883919,1.96,4.69,Dispatched,False
INC-00335,2025-03-30 02:48:07,Water Rescue,5,Water,Station 03,R-04,Rescue,31.520537,74.370716,2025-03-30 02:49:55.165190584,2025-03-30 02:59:24.001034254,2025-03-30 04:43:53.632992340,7.6,9.48,Available,True
INC-00265,2025-03-30 14:21:49,Structure Fire,4,Fire,Station 07,L-02,Ladder,31.53499,74.34584,2025-03-30 14:23:06.844659940,2025-03-30 14:38:36.025812244,2025-03-30 16:48:43.911609550,17.45,15.49,Available,True
INC-00878,2025-03-30 18:03:36,Medical Emergency,2,Medical,Station 07,E-01,Engine,31.498296,74.339588,2025-03-30 18:07:42.923179530,2025-03-30 18:17:06.817567320,2025-03-30 19:28:53.268340872,6.37,9.4,Available,True
INC-00934,2025-03-30 23:14:01,Medical Emergency,2,Medical,Station 12,E-08,Engine,31.473296,74.359347,2025-03-30 23:15:45.462195046,2025-03-30 23:20:02.903927398,2025-03-31 00:43:38.162847010,3.62,4.29,Available,False
INC-00791,2025-03-31 00:01:24,Medical Emergency,4,Medical,Station 03,R-04,Rescue,31.523128,74.385129,2025-03-31 00:04:22.585333386,2025-03-31 00:11:10.127628810,2025-03-31 02:24:39.997942992,2.75,6.79,Dispatched,True
INC-00669,2025-03-31 04:39:18,Medical Emergency,3,Medical,Station 03,E-02,Engine,31.480545,74.36056,2025-03-31 04:41:04.076819856,2025-03-31 04:49:57.344795778,2025-03-31 07:01:48.367123560,5.25,8.89,Available,True
INC-00279,2025-03-31 12:21:42,Medical Emergency,1,Medical,Station 03,E-03,Engine,31.557538,74.318448,2025-03-31 12:23:29.647926888,2025-03-31 12:30:57.201607956,2025-03-31 13:23:41.175359322,5.49,7.46,Available,True
INC-00423,2025-03-31 14:02:21,Medical Emergency,3,Medical,Station 03,E-04,Engine,31.502745,74.365228,2025-03-31 14:05:55.053688200,2025-03-31 14:20:47.634262896,2025-03-31 16:49:20.326753644,14.5,14.88,Available,True
INC-00858,2025-04-01 14:18:14,Medical Emergency,5,Medical,Station 21,E-05,Engine,31.551875,74.389701,2025-04-01 14:20:47.670012284,2025-04-01 14:29:15.736881998,2025-04-01 16:39:30.719880650,6.17,8.47,Available,True
INC-00941,2025-04-02 06:07:59,Vehicle Accident,4,Road Traffic,Station 07,R-01,Rescue,31.54964,74.322215,2025-04-02 06:10:52.089642920,2025-04-02 06:17:19.648287560,2025-04-02 08:29:37.213301504,5.95,6.46,Available,True
INC-00183,2025-04-02 07:02:19,Vehicle Accident,2,Road Traffic,Station 07,E-05,Engine,31.525215,74.288562,2025-04-02 07:05:04.342330630,2025-04-02 07:11:26.311721518,2025-04-02 08:14:12.139584952,4.92,6.37,Dispatched,False
INC-00583,2025-04-03 05:16:41,Vehicle Accident,4,Road Traffic,Station 03,R-02,Rescue,31.525986,74.339248,2025-04-03 05:17:56.658476918,2025-04-03 05:23:54.448095170,2025-04-03 07:41:19.038735098,3.54,5.96,Available,True
INC-00190,2025-04-03 06:16:19,Vehicle Accident,3,Road Traffic,Station 03,E-01,Engine,31.549109,74.381069,2025-04-03 06:18:34.734167104,2025-04-03 06:27:29.019673306,2025-04-03 08:02:04.181493160,5.23,8.9,Dispatched,False
INC-00395,2025-04-03 09:37:21,Vehicle Accident,4,Road Traffic,Station 03,R-01,Rescue,31.530315,74.33661,2025-04-03 09:39:10.670831052,2025-04-03 09:45:19.985349906,2025-04-03 11:41:06.628439106,3.16,6.16,Available,False
INC-00158,2025-04-03 10:53:24,Medical Emergency,3,Medical,Station 07,E-07,Engine,31.527586,74.357863,2025-04-03 10:56:27.757238316,2025-04-03 11:02:21.579017922,2025-04-03 12:41:27.581119644,3.67,5.9,Available,True
INC-01109,2025-04-03 14:38:02,Medical Emergency,2,Medical,Station 03,E-01,Engine,31.554599,74.391503,2025-04-03 14:41:06.932418014,2025-04-03 14:49:06.721046042,2025-04-03 15:34:53.563134026,4.78,8.0,Available,True
INC-00586,2025-04-06 02:35:16,Vehicle Accident,5,Road Traffic,Station 07,R-04,Rescue,31.518469,74.368625,2025-04-06 02:37:30.427342486,2025-04-06 02:46:59.073360742,2025-04-06 04:59:22.637639164,9.69,9.48,Dispatched,True
INC-01116,2025-04-06 07:24:39,Hazmat,4,Chemical,Station 21,H-02,Hazmat Unit,31.559378,74.379703,2025-04-06 07:27:51.228211878,2025-04-06 07:31:57.674531028,2025-04-06 08:54:08.726040672,2.68,4.11,Available,True
INC-01014,2025-04-06 11:02:32,Water Rescue,2,Water,Station 12,W-01,Water Rescue Unit,31.458869,74.407287,2025-04-06 11:04:18.413867102,2025-04-06 11:10:50.793447001,2025-04-06 11:53:42.100906531,7.3,6.54,Available,True
INC-00710,2025-04-06 18:00:41,Hazmat,4,Chemical,Station 12,R-04,Rescue,31.472693,74.351206,2025-04-06 18:05:12.607556575,2025-04-06 18:20:58.338985147,2025-04-06 20:32:15.009027661,12.89,15.76,Dispatched,True
INC-00220,2025-04-07 03:21:01,Vehicle Accident,3,Road Traffic,Station 07,E-03,Engine,31.497108,74.354581,2025-04-07 03:22:47.399403520,2025-04-07 03:32:23.977294132,2025-04-07 05:30:45.471442252,8.75,9.61,Available,True
INC-00840,2025-04-07 05:49:50,Medical Emergency,1,Medical,Station 12,E-06,Engine,31.513454,74.359368,2025-04-07 05:52:36.200184296,2025-04-07 05:59:42.567312260,2025-04-07 06:29:20.010885422,4.03,7.11,Dispatched,False
INC-00251,2025-04-07 08:08:55,Confined Space,2,Confined Space,Station 21,E-05,Engine,31.561213,74.36667,2025-04-07 08:10:29.573522320,2025-04-07 08:20:07.081747006,2025-04-07 09:36:12.957440728,7.88,9.63,Available,False
INC-00853,2025-04-08 09:36:38,Vehicle Accident,5,Road Traffic,Station 03,E-04,Engine,31.538583,74.35997,2025-04-08 09:38:34.320812888,2025-04-08 09:47:28.342716614,2025-04-08 11:58:18.085871822,5.6,8.9,Available,False
INC-00712,2025-04-08 20:29:21,Medical Emergency,3,Medical,Station 07,E-07,Engine,31.577822,74.332233,2025-04-08 20:31:48.612057024,2025-04-08 20:41:12.144713250,2025-04-08 22:32:31.051060824,6.69,9.39,Available,False
INC-00981,2025-04-09 09:30:24,Vehicle Accident,4,Road Traffic,Station 07,E-03,Engine,31.553551,74.297526,2025-04-09 09:34:26.765971692,2025-04-09 09:42:05.755392486,2025-04-09 10:47:01.647602202,5.73,7.65,Available,True
INC-00464,2025-04-09 10:11:42,Water Rescue,2,Water,Station 03,W-02,Water Rescue Unit,31.539202,74.385787,2025-04-09 10:14:12.186084456,2025-04-09 10:20:44.557865844,2025-04-09 11:21:40.688824524,4.34,6.54,Dispatched,True
INC-00361,2025-04-09 10:53:24,Medical Emergency,3,Medical,Station 07,R-04,Rescue,31.536301,74.332826,2025-04-09 10:57:15.959070210,2025-04-09 11:03:44.645322396,2025-04-09 12:30:11.759426574,5.97,6.48,Dispatched,True
INC-00182,2025-04-09 12:10:17,Hazmat,4,Chemical,Station 12,R-01,Rescue,31.506616,74.38725,2025-04-09 12:13:11.052677756,2025-04-09 12:22:35.477341580,2025-04-09 14:33:55.548067436,8.28,9.41,Dispatched,True
INC-00412,2025-04-09 13:49:59,Medical Emergency,2,Medical,Station 12,E-05,Engine,31.499793,74.349875,2025-04-09 13:52:06.013908944,2025-04-09 14:04:19.283532860,2025-04-09 16:02:03.583940396,11.77,12.22,Available,True
INC-00347,2025-04-09 19:12:06,Water Rescue,4,Water,Station 07,W-01,Water Rescue Unit,31.537062,74.324419,2025-04-09 19:16:21.443883402,2025-04-09 19:26:08.366281302,2025-04-09 21:45:27.768864330,6.6,9.78,Available,True
INC-00093,2025-04-10 08:49:37,Medical Emergency,3,Medical,Station 07,R-03,Rescue,31.532953,74.329401,2025-04-10 08:52:17.184570730,2025-04-10 09:05:19.487328442,2025-04-10 10:37:27.402443602,14.86,13.04,Available,True
INC-00577,2025-04-10 16:04:34,Medical Emergency,1,Medical,Station 12,E-06,Engine,31.493233,74.347207,2025-04-10 16:06:01.746173080,2025-04-10 16:14:06.298745002,2025-04-10 16:50:21.927177364,6.82,8.08,Available,True
INC-00282,2025-04-11 05:02:24,Medical Emergency,2,Medical,Station 03,E-08,Engine,31.516144,74.379319,2025-04-11 05:04:47.509143366,2025-04-11 05:12:35.589538578,2025-04-11 07:00:48.894269328,6.2,7.8,Dispatched,True
INC-00872,2025-04-11 14:54:30,Water Rescue,4,Water,Station 12,W-01,Water Rescue Unit,31.485502,74.372335,2025-04-11 14:57:52.087268040,2025-04-11 15:06:26.485309686,2025-04-11 17:10:59.479027764,5.02,8.57,Available,True
INC-01056,2025-04-11 17:53:54,Medical Emergency,3,Medical,Station 03,E-05,Engine,31.540334,74.349081,2025-04-11 17:55:37.553102694,2025-04-11 18:02:38.710462062,2025-04-11 19:44:08.755670298,2.11,7.02,Available,True
INC-00527,2025-04-13 06:53:10,Hazmat,4,Chemical,Station 03,H-01,Hazmat Unit,31.509073,74.364095,2025-04-13 06:56:25.533050205,2025-04-13 07:04:44.679647433,2025-04-13 09:22:23.010883797,4.07,8.32,Available,True
INC-00552,2025-04-13 10:17:31,Water Rescue,3,Water,Station 21,R-04,Rescue,31.545666,74.379282,2025-04-13 10:19:30.831191596,2025-04-13 10:25:23.493365314,2025-04-13 11:34:22.523088724,3.6,5.88,Maintenance,False
INC-01021,2025-04-14 09:54:05,Vehicle Accident,2,Road Traffic,Station 12,R-04,Rescue,31.47197,74.35785,2025-04-14 09:56:34.597743956,2025-04-14 10:05:02.660563028,2025-04-14 11:30:33.482650315,3.13,8.47,Available,True
INC-00478,2025-04-16 01:49:12,Confined Space,3,Confined Space,Station 12,R-03,Rescue,31.486757,74.392596,2025-04-16 01:50:35.222960124,2025-04-16 01:56:46.679954406,2025-04-16 04:32:32.755581204,4.75,6.19,Available,True
INC-00333,2025-04-16 16:49:42,Medical Emergency,3,Medical,Station 03,E-06,Engine,31.540205,74.380837,2025-04-16 16:51:34.555540044,2025-04-16 16:58:07.504047593,2025-04-16 18:40:12.332628257,7.25,6.55,Dispatched,True
INC-00857,2025-04-16 18:14:42,Vehicle Accident,4,Road Traffic,Station 12,R-02,Rescue,31.490857,74.362927,2025-04-16 18:17:17.095241478,2025-04-16 18:30:57.166961286,2025-04-16 20:23:26.928755442,13.27,13.67,Dispatched,True
INC-00940,2025-04-17 05:57:55,Medical Emergency,2,Medical,Station 07,E-08,Engine,31.538661,74.300517,2025-04-17 05:59:32.175253672,2025-04-17 06:08:47.613166738,2025-04-17 07:01:31.886938984,8.52,9.26,Available,False
INC-00024,2025-04-17 06:05:51,Medical Emergency,3,Medical,Station 07,E-06,Engine,31.511257,74.312128,2025-04-17 06:08:11.293565874,2025-04-17 06:14:34.997344362,2025-04-17 08:32:30.489565242,6.55,6.4,Available,False
INC-00510,2025-04-17 07:34:47,Structure Fire,4,Fire,Station 03,L-03,Ladder,31.521861,74.320634,2025-04-17 07:36:19.104281618,2025-04-17 07:42:28.202409446,2025-04-17 09:30:13.584421550,2.78,6.15,Available,True
INC-00734,2025-04-17 17:45:35,Vehicle Accident,4,Road Traffic,Station 21,E-04,Engine,31.556859,74.37156,2025-04-17 17:48:39.721226612,2025-04-17 17:55:40.020353270,2025-04-17 19:51:59.623860302,3.59,7.0,Available,True
INC-00906,2025-04-18 00:32:46,Medical Emergency,2,Medical,Station 12,E-07,Engine,31.499461,74.39002,2025-04-18 00:34:19.762197772,2025-04-18 00:44:11.242332940,2025-04-18 01:31:44.958811528,12.54,9.86,Available,True
INC-00032,2025-04-18 16:54:08,Medical Emergency,3,Medical,Station 21,E-01,Engine,31.601279,74.358664,2025-04-18 16:56:41.942285414,2025-04-18 17:05:04.396519076,2025-04-18 18:35:22.693774364,8.34,8.37,Dispatched,True
INC-00414,2025-04-19 20:40:34,Medical Emergency,3,Medical,Station 07,R-02,Rescue,31.543542,74.32044,2025-04-19 20:44:06.282896638,2025-04-19 20:57:17.902661902,2025-04-19 22:11:20.862536134,12.12,13.19,Available,False
INC-01114,2025-04-19 23:51:03,Medical Emergency,2,Medical,Station 03,E-07,Engine,31.510115,74.346686,2025-04-19 23:51:33.000000000,2025-04-19 23:56:55.924658526,2025-04-20 01:28:38.714036652,2.42,5.38,Available,False
INC-00957,2025-04-21 14:13:16,Water Rescue,3,Water,Station 03,R-02,Rescue,31.513597,74.339002,2025-04-21 14:16:26.665511560,2025-04-21 14:24:34.160987776,2025-04-21 16:08:37.402198516,7.81,8.12,Dispatched,True
INC-00642,2025-04-21 15:05:56,Confined Space,2,Confined Space,Station 03,R-04,Rescue,31.540383,74.372652,2025-04-21 15:07:09.724227218,2025-04-21 15:13:23.020541540,2025-04-21 17:09:51.157348820,4.7,6.22,Available,False
INC-00800,2025-04-21 23:50:01,Structure Fire,4,Fire,Station 03,E-08,Engine,31.518038,74.360126,2025-04-21 23:51:46.722876754,2025-04-22 00:00:52.837446388,2025-04-22 01:50:18.828821848,6.87,9.1,Available,True
INC-00201,2025-04-22 03:14:43,Vehicle Accident,3,Road Traffic,Station 21,R-01,Rescue,31.542035,74.375918,2025-04-22 03:16:57.347803954,2025-04-22 03:25:21.895418884,2025-04-22 05:32:08.736858268,7.69,8.41,Dispatched,True
INC-00496,2025-04-22 06:21:13,Vehicle Accident,4,Road Traffic,Station 21,E-05,Engine,31.520182,74.376286,2025-04-22 06:25:28.866943924,2025-04-22 06:32:14.659445860,2025-04-22 08:26:35.028634702,3.87,6.76,Available,True
INC-00013,2025-04-22 10:35:19,Vehicle Accident,4,Road Traffic,Station 21,R-04,Rescue,31.532502,74.40512,2025-04-22 10:37:17.036345530,2025-04-22 10:45:49.282691524,2025-04-22 12:50:32.973672568,4.29,8.54,Available,False
INC-00031,2025-04-23 05:19:39,Hazmat,3,Chemical,Station 21,R-03,Rescue,31.549642,74.42772,2025-04-23 05:21:44.266548084,2025-04-23 05:26:59.805693581,2025-04-23 07:13:45.912697949,4.94,5.26,Dispatched,False
INC-00699,2025-04-23 07:11:41,Medical Emergency,1,Medical,Station 03,E-01,Engine,31.498717,74.347523,2025-04-23 07:13:38.272753862,2025-04-23 07:17:34.311671810,2025-04-23 07:58:15.210423116,2.6,3.93,Available,True
INC-00832,2025-04-23 13:44:50,Vehicle Accident,3,Road Traffic,Station 12,E-06,Engine,31.488449,74.384923,2025-04-23 13:47:58.260135788,2025-04-23 13:55:07.292047166,2025-04-23 15:01:14.042717684,3.56,7.15,Available,True
INC-00400,2025-04-23 20:10:36,High-Rise Rescue,3,High-Rise,Station 07,E-03,Engine,31.521231,74.329141,2025-04-23 20:13:26.790898086,2025-04-23 20:24:36.684988494,2025-04-23 21:28:27.876224004,7.99,11.16,Available,False
INC-00028,2025-04-24 05:57:13,Vehicle Accident,2,Road Traffic,Station 07,R-04,Rescue,31.564976,74.323831,2025-04-24 05:59:44.315156668,2025-04-24 06:05:35.715442096,2025-04-24 07:06:07.973686564,2.53,5.86,Dispatched,True
INC-00310,2025-04-24 08:11:52,Water Rescue,3,Water,Station 12,W-01,Water Rescue Unit,31.494763,74.38125,2025-04-24 08:15:21.506300890,2025-04-24 08:22:45.387447190,2025-04-24 10:00:55.381701106,8.02,7.4,Available,True
INC-00653,2025-04-24 09:30:44,Vehicle Accident,4,Road Traffic,Station 21,R-01,Rescue,31.560217,74.399389,2025-04-24 09:33:59.352783721,2025-04-24 09:42:31.974950341,2025-04-24 12:26:12.140793415,3.26,8.54,Available,True
INC-00886,2025-04-24 14:09:09,Vehicle Accident,2,Road Traffic,Station 03,R-02,Rescue,31.517412,74.390972,2025-04-24 14:10:22.986932946,2025-04-24 14:17:57.144223626,2025-04-24 15:30:47.281609200,7.68,7.57,Available,False
INC-00471,2025-04-24 14:23:16,Medical Emergency,3,Medical,Station 12,E-02,Engine,31.487248,74.377859,2025-04-24 14:27:32.130780009,2025-04-24 14:40:26.302413387,2025-04-24 16:00:38.602491831,15.17,12.9,Dispatched,False
INC-00548,2025-04-24 17:45:41,Medical Emergency,3,Medical,Station 03,E-07,Engine,31.507711,74.368678,2025-04-24 17:48:08.259798326,2025-04-24 17:53:39.356521603,2025-04-24 19:37:37.258323529,2.55,5.52,Available,True
INC-00169,2025-04-25 16:41:49,Vehicle Accident,3,Road Traffic,Station 03,R-02,Rescue,31.524293,74.373943,2025-04-25 16:45:20.048804164,2025-04-25 16:49:14.513469334,2025-04-25 18:46:04.308817792,2.66,3.91,Available,True
INC-00839,2025-04-25 20:09:52,Medical Emergency,2,Medical,Station 07,E-07,Engine,31.545396,74.314565,2025-04-25 20:13:00.644631646,2025-04-25 20:22:13.964696536,2025-04-25 21:55:18.597415138,5.71,9.22,Available,False
INC-01081,2025-04-26 19:02:40,Structure Fire,3,Fire,Station 07,L-03,Ladder,31.533495,74.334028,2025-04-26 19:06:46.459899736,2025-04-26 19:20:27.752754490,2025-04-26 20:40:22.819242964,9.5,13.69,Available,True
INC-00426,2025-04-26 20:13:25,High-Rise Rescue,4,High-Rise,Station 07,E-06,Engine,31.494996,74.331888,2025-04-26 20:17:25.706325892,2025-04-26 20:26:25.122146368,2025-04-26 22:11:48.088550296,5.0,8.99,Available,True
INC-00344,2025-04-27 06:57:33,Medical Emergency,4,Medical,Station 07,R-03,Rescue,31.520432,74.326,2025-04-27 07:00:11.881042962,2025-04-27 07:04:40.295867514,2025-04-27 08:38:28.367108604,4.11,4.47,Dispatched,True
INC-00615,2025-04-27 14:35:01,Structure Fire,4,Fire,Station 03,R-02,Rescue,31.5226,74.356599,2025-04-27 14:37:22.576305772,2025-04-27 14:44:43.779836386,2025-04-27 16:46:59.496335986,4.17,7.35,Maintenance,False
INC-00854,2025-04-27 16:05:46,Structure Fire,4,Fire,Station 07,R-02,Rescue,31.513208,74.320192,2025-04-27 16:08:42.481530466,2025-04-27 16:20:12.124466440,2025-04-27 18:10:23.009803918,8.69,11.49,Available,True
INC-00602,2025-04-27 21:39:09,Hazmat,5,Chemical,Station 03,R-04,Rescue,31.531377,74.352485,2025-04-27 21:41:40.807768181,2025-04-27 21:50:27.950334131,2025-04-27 23:53:40.887607679,5.53,8.79,Available,False
INC-01111,2025-04-28 01:42:39,Medical Emergency,1,Medical,Station 12,E-07,Engine,31.443397,74.382298,2025-04-28 01:44:30.202521210,2025-04-28 01:52:38.195197134,2025-04-28 03:10:25.865048736,8.24,8.13,Available,True
INC-00450,2025-04-28 11:10:35,Medical Emergency,3,Medical,Station 03,R-02,Rescue,31.526167,74.320933,2025-04-28 11:15:10.126087700,2025-04-28 11:22:50.149423040,2025-04-28 13:05:35.149290620,5.22,7.67,Maintenance,False
INC-00985,2025-04-28 12:53:44,Structure Fire,3,Fire,Station 03,L-02,Ladder,31.513191,74.324929,2025-04-28 12:56:27.200917094,2025-04-28 13:06:57.877547012,2025-04-28 14:43:13.778694410,8.69,10.51,Available,True
INC-00812,2025-04-28 15:33:31,Vehicle Accident,4,Road Traffic,Station 12,E-05,Engine,31.465621,74.38896,2025-04-28 15:35:08.132870020,2025-04-28 15:41:25.586242792,2025-04-28 17:16:03.003101980,3.3,6.29,Available,False
INC-00428,2025-04-28 16:07:14,High-Rise Rescue,4,High-Rise,Station 12,E-02,Engine,31.498939,74.390108,2025-04-28 16:09:49.499602004,2025-04-28 16:16:30.792140882,2025-04-28 18:49:22.140143696,2.62,6.69,Available,True
INC-00495,2025-04-28 23:10:57,Vehicle Accident,5,Road Traffic,Station 12,E-05,Engine,31.486975,74.369386,2025-04-28 23:13:28.809254406,2025-04-28 23:21:07.733752380,2025-04-29 01:31:16.582425762,5.55,7.65,Available,True
INC-00893,2025-04-29 00:09:18,Structure Fire,3,Fire,Station 07,R-02,Rescue,31.555237,74.326905,2025-04-29 00:11:20.781801570,2025-04-29 00:17:42.845006178,2025-04-29 02:11:04.267298940,7.26,6.37,Dispatched,True
INC-00792,2025-04-29 00:54:59,Confined Space,2,Confined Space,Station 07,R-04,Rescue,31.503655,74.307707,2025-04-29 00:57:48.569449868,2025-04-29 01:06:32.343816548,2025-04-29 02:25:51.511588178,8.92,8.73,Available,False
INC-00343,2025-04-29 13:58:54,Vehicle Accident,4,Road Traffic,Station 03,E-03,Engine,31.498847,74.383831,2025-04-29 14:01:05.116102668,2025-04-29 14:11:34.045730904,2025-04-29 16:09:59.346030858,9.05,10.48,Available,True
INC-00990,2025-04-29 20:49:16,Vehicle Accident,2,Road Traffic,Station 07,R-01,Rescue,31.537268,74.339891,2025-04-29 20:52:18.649101274,2025-04-29 21:07:14.462828944,2025-04-29 22:24:20.205763552,13.4,14.93,Available,True
INC-00260,2025-04-29 22:03:41,Medical Emergency,4,Medical,Station 03,R-02,Rescue,31.493439,74.345788,2025-04-29 22:05:33.623274656,2025-04-29 22:15:46.355100086,2025-04-30 00:06:47.537133092,6.99,10.21,Dispatched,True
INC-00622,2025-04-30 03:04:18,Vehicle Accident,4,Road Traffic,Station 12,R-04,Rescue,31.508303,74.365818,2025-04-30 03:07:11.305018902,2025-04-30 03:14:39.377509686,2025-04-30 05:12:54.361632222,4.86,7.47,Available,True
INC-01074,2025-04-30 10:54:15,Structure Fire,4,Fire,Station 21,E-02,Engine,31.523493,74.350925,2025-04-30 10:57:38.234762760,2025-04-30 11:05:31.878540228,2025-04-30 13:46:56.013522312,2.68,7.89,Available,True
INC-00167,2025-04-30 15:21:08,Hazmat,4,Chemical,Station 03,E-07,Engine,31.514839,74.359269,2025-04-30 15:23:33.380210156,2025-04-30 15:32:19.448081258,2025-04-30 16:56:59.034779558,7.32,8.77,Available,True
INC-00743,2025-05-01 05:59:59,Medical Emergency,4,Medical,Station 21,E-08,Engine,31.572604,74.361062,2025-05-01 06:02:30.157889228,2025-05-01 06:14:28.322849306,2025-05-01 08:02:34.331129864,12.56,11.97,Maintenance,False
INC-00327,2025-05-01 14:59:18,Hazmat,5,Chemical,Station 03,H-02,Hazmat Unit,31.514291,74.342898,2025-05-01 15:01:35.713304502,2025-05-01 15:08:06.468601901,2025-05-01 17:26:25.733846543,3.94,6.51,Available,True
INC-00663,2025-05-02 11:21:40,Vehicle Accident,4,Road Traffic,Station 03,R-04,Rescue,31.512985,74.357166,2025-05-02 11:25:33.618165646,2025-05-02 11:33:30.700598704,2025-05-02 13:30:08.489463286,5.04,7.95,Available,True
INC-00137,2025-05-02 12:35:46,Structure Fire,4,Fire,Station 03,E-08,Engine,31.506127,74.345081,2025-05-02 12:37:24.916123228,2025-05-02 12:47:19.082168668,2025-05-02 15:11:31.225483360,8.61,9.9,Available,True
INC-00219,2025-05-02 15:54:59,Structure Fire,5,Fire,Station 21,L-02,Ladder,31.529197,74.388768,2025-05-02 15:56:46.778585480,2025-05-02 16:07:41.695089092,2025-05-02 18:53:15.803050657,9.92,10.92,Dispatched,True
INC-00404,2025-05-02 19:23:47,Medical Emergency,5,Medical,Station 12,E-01,Engine,31.506757,74.368317,2025-05-02 19:28:16.074007496,2025-05-02 19:38:50.988597302,2025-05-02 21:56:14.162557946,8.8,10.58,Available,True
INC-00822,2025-05-02 19:34:01,Structure Fire,4,Fire,Station 03,E-05,Engine,31.522896,74.375303,2025-05-02 19:36:12.186387310,2025-05-02 19:45:06.061775728,2025-05-02 21:16:17.029976614,4.45,8.9,Available,True
INC-00015,2025-05-02 20:07:30,Hazmat,4,Chemical,Station 07,H-02,Hazmat Unit,31.547058,74.374664,2025-05-02 20:09:44.719962240,2025-05-02 20:17:57.382898742,2025-05-02 22:06:14.780471322,4.97,8.21,Available,False
INC-00295,2025-05-03 15:11:51,Water Rescue,3,Water,Station 12,R-02,Rescue,31.539791,74.372079,2025-05-03 15:14:06.010001946,2025-05-03 15:21:58.104290490,2025-05-03 17:43:21.862547838,5.16,7.87,Available,True
INC-00288,2025-05-03 19:36:57,Hazmat,4,Chemical,Station 21,E-04,Engine,31.527824,74.41018,2025-05-03 19:40:13.463330862,2025-05-03 19:48:14.472715008,2025-05-03 21:45:20.748738222,5.55,8.02,Available,False
INC-01041,2025-05-03 19:41:17,Medical Emergency,1,Medical,Station 12,R-02,Rescue,31.503395,74.354616,2025-05-03 19:44:29.460270848,2025-05-03 19:54:27.009381056,2025-05-03 21:06:25.493454926,5.61,9.96,Dispatched,False
INC-00722,2025-05-03 21:14:04,Medical Emergency,3,Medical,Station 03,R-01,Rescue,31.522461,74.297411,2025-05-03 21:16:40.468972000,2025-05-03 21:27:00.693124360,2025-05-03 22:44:19.738843186,8.7,10.34,Available,True
INC-00427,2025-05-03 22:04:28,Confined Space,4,Confined Space,Station 07,E-08,Engine,31.548009,74.311516,2025-05-03 22:09:35.625067924,2025-05-03 22:19:32.450039650,2025-05-03 23:56:28.495133776,6.86,9.95,Available,True
INC-00870,2025-05-04 04:11:42,Confined Space,3,Confined Space,Station 03,R-02,Rescue,31.49615,74.346652,2025-05-04 04:15:13.104133920,2025-05-04 04:23:44.653200660,2025-05-04 06:18:15.589236083,6.1,8.53,Available,True
INC-00034,2025-05-04 04:14:50,Hazmat,3,Chemical,Station 12,E-08,Engine,31.480238,74.371437,2025-05-04 04:17:42.611632388,2025-05-04 04:24:20.084643596,2025-05-04 05:41:58.648241156,3.17,6.62,Available,True
INC-00328,2025-05-04 20:23:15,Structure Fire,3,Fire,Station 12,L-02,Ladder,31.487337,74.40226,2025-05-04 20:25:36.048141318,2025-05-04 20:33:37.307591010,2025-05-04 22:13:34.067006976,4.51,8.02,Dispatched,False
INC-00125,2025-05-05 20:51:18,Medical Emergency,3,Medical,Station 12,R-02,Rescue,31.463703,74.340759,2025-05-05 20:55:31.640562894,2025-05-05 21:11:38.513510964,2025-05-05 22:50:56.991256296,12.39,16.11,Dispatched,True
INC-00794,2025-05-06 02:21:10,Medical Emergency,3,Medical,Station 03,R-02,Rescue,31.521117,74.351509,2025-05-06 02:23:01.951902988,2025-05-06 02:31:06.200853586,2025-05-06 04:22:02.042051374,6.6,8.07,Available,False
INC-00925,2025-05-06 20:30:03,High-Rise Rescue,4,High-Rise,Station 07,E-06,Engine,31.553775,74.300573,2025-05-06 20:32:19.738846997,2025-05-06 20:40:29.674186661,2025-05-06 22:43:16.434227819,6.4,8.17,Available,True
INC-00817,2025-05-07 10:13:57,Medical Emergency,4,Medical,Station 07,R-02,Rescue,31.487054,74.314897,2025-05-07 10:15:10.245966120,2025-05-07 10:22:48.544774380,2025-05-07 12:55:26.386931844,6.1,7.64,Available,True
INC-00079,2025-05-07 16:34:57,Confined Space,2,Confined Space,Station 07,E-03,Engine,31.555549,74.339514,2025-05-07 16:36:29.288313522,2025-05-07 16:42:38.359547022,2025-05-07 17:29:08.461566318,3.39,6.15,Available,True
INC-00055,2025-05-07 20:10:14,Structure Fire,5,Fire,Station 21,R-02,Rescue,31.515924,74.357942,2025-05-07 20:13:31.189345292,2025-05-07 20:22:47.021866429,2025-05-07 22:43:42.282111391,3.82,9.26,Dispatched,False
INC-00644,2025-05-07 23:25:23,Water Rescue,3,Water,Station 07,R-03,Rescue,31.544865,74.304235,2025-05-07 23:27:20.782966418,2025-05-07 23:33:36.412204184,2025-05-08 01:15:45.575362514,6.5,6.26,Available,False
INC-00100,2025-05-08 00:13:59,Medical Emergency,3,Medical,Station 03,R-04,Rescue,31.489004,74.378128,2025-05-08 00:15:33.334869242,2025-05-08 00:21:26.321031980,2025-05-08 02:20:25.462892096,2.32,5.88,Available,True
INC-00913,2025-05-08 03:54:28,Hazmat,5,Chemical,Station 12,R-02,Rescue,31.499382,74.362063,2025-05-08 03:56:17.806552660,2025-05-08 04:02:20.243429638,2025-05-08 06:01:46.635139150,2.26,6.04,Available,False
INC-00385,2025-05-08 08:08:29,Hazmat,4,Chemical,Station 21,E-07,Engine,31.558724,74.432001,2025-05-08 08:11:18.848378966,2025-05-08 08:20:03.503466248,2025-05-08 10:12:33.355954418,7.13,8.74,Available,False
INC-00118,2025-05-08 08:12:28,Structure Fire,3,Fire,Station 03,L-03,Ladder,31.526466,74.345729,2025-05-08 08:15:21.437789266,2025-05-08 08:25:13.787900746,2025-05-08 09:16:22.665771322,9.74,9.87,Available,True
INC-00960,2025-05-09 01:57:06,Vehicle Accident,3,Road Traffic,Station 07,R-03,Rescue,31.541797,74.337248,2025-05-09 01:58:50.207342646,2025-05-09 02:04:28.486480524,2025-05-09 04:10:38.417362758,4.32,5.64,Dispatched,True
INC-00708,2025-05-09 10:58:36,Vehicle Accident,3,Road Traffic,Station 07,R-02,Rescue,31.50614,74.343979,2025-05-09 11:02:17.361941454,2025-05-09 11:09:29.085986322,2025-05-09 12:52:25.960268640,3.62,7.2,Dispatched,True
INC-00700,2025-05-10 02:08:01,Medical Emergency,1,Medical,Station 03,E-02,Engine,31.503667,74.345964,2025-05-10 02:09:11.029759240,2025-05-10 02:16:36.284812084,2025-05-10 03:34:03.883201732,5.22,7.42,Maintenance,True
INC-00062,2025-05-10 10:42:01,Vehicle Accident,2,Road Traffic,Station 03,R-01,Rescue,31.486788,74.345938,2025-05-10 10:44:26.857714384,2025-05-10 10:55:10.549140346,2025-05-10 12:12:41.571820222,11.12,10.73,Available,True
INC-00460,2025-05-11 12:06:52,Hazmat,4,Chemical,Station 07,R-01,Rescue,31.54602,74.31526,2025-05-11 12:08:32.283476296,2025-05-11 12:17:30.444577912,2025-05-11 14:27:54.726386620,5.52,8.97,Dispatched,True
INC-00388,2025-05-11 21:49:12,Hazmat,5,Chemical,Station 03,R-02,Rescue,31.538849,74.359291,2025-05-11 21:52:02.814907800,2025-05-11 22:02:01.237769460,2025-05-12 00:39:05.951944266,5.45,9.97,Available,True
INC-00434,2025-05-12 02:10:37,Medical Emergency,3,Medical,Station 12,R-04,Rescue,31.473862,74.347307,2025-05-12 02:13:42.544561186,2025-05-12 02:23:51.152568784,2025-05-12 04:35:08.364069088,11.12,10.14,Maintenance,False
INC-00144,2025-05-12 05:04:57,Structure Fire,3,Fire,Station 07,L-02,Ladder,31.530216,74.347339,2025-05-12 05:07:23.694523926,2025-05-12 05:17:57.507925602,2025-05-12 06:45:54.455691588,10.0,10.56,Dispatched,True
INC-00576,2025-05-12 10:23:25,Vehicle Accident,2,Road Traffic,Station 07,R-04,Rescue,31.528702,74.312073,2025-05-12 10:26:16.772137978,2025-05-12 10:37:16.312672918,2025-05-12 11:36:33.686213158,10.35,10.99,Available,True
INC-00068,2025-05-12 20:32:46,Medical Emergency,3,Medical,Station 07,E-02,Engine,31.542563,74.359105,2025-05-12 20:35:46.533318748,2025-05-12 20:45:29.849103490,2025-05-12 22:39:55.352972674,5.72,9.72,Available,True
INC-00804,2025-05-12 22:12:46,Medical Emergency,2,Medical,Station 12,E-03,Engine,31.521587,74.361565,2025-05-12 22:16:57.145722394,2025-05-12 22:30:18.357646030,2025-05-12 23:40:09.629342392,10.08,13.35,Available,False
INC-00807,2025-05-13 06:09:38,Hazmat,4,Chemical,Station 07,E-03,Engine,31.540853,74.312787,2025-05-13 06:11:39.808903574,2025-05-13 06:25:17.711848388,2025-05-13 07:28:15.959384210,12.08,13.63,Available,True
INC-00680,2025-05-13 09:20:59,Medical Emergency,3,Medical,Station 03,R-03,Rescue,31.544126,74.362926,2025-05-13 09:23:10.910974202,2025-05-13 09:34:41.887041428,2025-05-13 11:27:20.067871382,9.39,11.52,Available,True
INC-00392,2025-05-13 18:36:01,Medical Emergency,2,Medical,Station 03,R-02,Rescue,31.519153,74.345512,2025-05-13 18:38:42.596236396,2025-05-13 18:45:50.690470348,2025-05-13 20:01:02.521386970,7.35,7.13,Available,True
INC-00248,2025-05-14 02:49:22,Medical Emergency,2,Medical,Station 07,E-05,Engine,31.526999,74.324469,2025-05-14 02:50:47.905682728,2025-05-14 02:59:04.905667120,2025-05-14 04:18:32.445772570,6.51,8.28,Available,True
INC-00276,2025-05-14 04:11:45,Vehicle Accident,4,Road Traffic,Station 12,R-04,Rescue,31.486435,74.405879,2025-05-14 04:14:46.212469392,2025-05-14 04:22:01.685934882,2025-05-14 06:53:30.919566084,5.0,7.26,Available,False
INC-00465,2025-05-14 08:18:42,Confined Space,3,Confined Space,Station 07,E-01,Engine,31.527985,74.325104,2025-05-14 08:21:40.167330336,2025-05-14 08:29:42.661185288,2025-05-14 09:37:51.701317830,6.83,8.04,Available,True
INC-00739,2025-05-14 16:58:11,Vehicle Accident,4,Road Traffic,Station 07,R-04,Rescue,31.515678,74.339506,2025-05-14 16:59:21.538637684,2025-05-14 17:08:48.558681668,2025-05-14 18:36:28.625778620,6.37,9.45,Dispatched,False
INC-00594,2025-05-15 08:44:36,Medical Emergency,3,Medical,Station 12,R-02,Rescue,31.495856,74.347679,2025-05-15 08:46:08.601890742,2025-05-15 08:55:05.666370432,2025-05-15 10:46:07.423408056,4.42,8.95,Available,True
INC-00493,2025-05-15 10:46:50,Medical Emergency,4,Medical,Station 03,R-03,Rescue,31.508093,74.376698,2025-05-15 10:48:48.991274864,2025-05-15 10:56:10.532923772,2025-05-15 12:37:39.906704516,6.21,7.36,Dispatched,False
INC-00811,2025-05-15 12:57:46,Hazmat,5,Chemical,Station 07,H-01,Hazmat Unit,31.501905,74.333364,2025-05-15 13:00:56.476564120,2025-05-15 13:08:01.860681910,2025-05-15 15:42:34.711592176,5.15,7.09,Dispatched,True
INC-00917,2025-05-16 05:41:35,Medical Emergency,3,Medical,Station 07,E-05,Engine,31.538691,74.348072,2025-05-16 05:43:06.992699636,2025-05-16 05:47:58.098664226,2025-05-16 07:20:10.095453314,3.71,4.85,Dispatched,True
INC-00918,2025-05-16 11:53:58,Medical Emergency,5,Medical,Station 07,E-04,Engine,31.548298,74.302367,2025-05-16 11:56:07.717253314,2025-05-16 12:01:22.384496812,2025-05-16 14:09:44.806282456,2.98,5.24,Available,True
INC-00293,2025-05-16 15:01:10,Medical Emergency,1,Medical,Station 07,E-02,Engine,31.534152,74.312019,2025-05-16 15:03:27.060221410,2025-05-16 15:09:54.853575472,2025-05-16 17:06:56.549282260,5.67,6.46,Maintenance,True
INC-00756,2025-05-16 15:41:17,Structure Fire,4,Fire,Station 03,R-03,Rescue,31.521482,74.354496,2025-05-16 15:44:52.020551630,2025-05-16 15:52:22.510996856,2025-05-16 18:22:35.150041748,4.31,7.51,Dispatched,True
INC-00674,2025-05-16 17:18:18,Vehicle Accident,3,Road Traffic,Station 21,E-04,Engine,31.561838,74.364954,2025-05-16 17:21:38.897592780,2025-05-16 17:25:58.273030164,2025-05-16 18:52:13.427808600,2.69,4.32,Available,True
INC-00589,2025-05-17 14:27:09,High-Rise Rescue,4,High-Rise,Station 07,E-06,Engine,31.557952,74.309021,2025-05-17 14:30:06.623934198,2025-05-17 14:43:56.143240122,2025-05-17 16:51:26.514417150,11.31,13.83,Available,True
INC-00224,2025-05-17 20:03:05,Hazmat,5,Chemical,Station 12,H-02,Hazmat Unit,31.475388,74.368274,2025-05-17 20:06:38.862624506,2025-05-17 20:20:03.815571062,2025-05-17 22:18:14.185135058,11.25,13.42,Available,True
INC-01043,2025-05-17 23:15:06,High-Rise Rescue,3,High-Rise,Station 03,L-03,Ladder,31.530687,74.363997,2025-05-17 23:16:54.077131788,2025-05-17 23:20:05.977327536,2025-05-18 01:08:55.896907848,2.71,3.2,Available,True
INC-00932,2025-05-18 05:53:29,Hazmat,4,Chemical,Station 07,R-02,Rescue,31.525622,74.317181,2025-05-18 05:56:13.924792292,2025-05-18 06:04:19.836131270,2025-05-18 07:57:34.107693206,4.06,8.1,Available,True
INC-00897,2025-05-18 14:44:36,Medical Emergency,2,Medical,Station 12,R-04,Rescue,31.485677,74.374888,2025-05-18 14:47:48.170407992,2025-05-18 14:57:55.907079390,2025-05-18 16:34:55.880040888,10.99,10.13,Available,False
INC-00151,2025-05-18 20:20:49,Vehicle Accident,4,Road Traffic,Station 12,E-01,Engine,31.515956,74.39925,2025-05-18 20:25:41.494275346,2025-05-18 20:41:03.671676316,2025-05-18 22:44:32.055191302,12.24,15.37,Dispatched,True
INC-00342,2025-05-21 02:44:38,Medical Emergency,1,Medical,Station 07,E-01,Engine,31.524106,74.336359,2025-05-21 02:47:41.936827478,2025-05-21 02:56:22.364991596,2025-05-21 03:56:43.327041092,8.19,8.67,Available,False
INC-00935,2025-05-21 19:00:11,Vehicle Accident,2,Road Traffic,Station 21,E-06,Engine,31.569605,74.370002,2025-05-21 19:02:43.067850278,2025-05-21 19:16:04.060610582,2025-05-21 20:30:25.037084780,13.06,13.35,Available,True
INC-00243,2025-05-22 03:33:46,Vehicle Accident,3,Road Traffic,Station 07,E-04,Engine,31.538314,74.311409,2025-05-22 03:36:41.295178498,2025-05-22 03:43:48.949059082,2025-05-22 05:17:47.608827802,4.71,7.13,Available,True
INC-00943,2025-05-22 15:15:01,Structure Fire,5,Fire,Station 12,E-02,Engine,31.521175,74.32711,2025-05-22 15:17:43.843254916,2025-05-22 15:27:03.403014778,2025-05-22 17:34:32.210956858,7.4,9.33,Available,True
INC-00473,2025-05-22 16:00:32,Medical Emergency,4,Medical,Station 03,R-03,Rescue,31.500387,74.367547,2025-05-22 16:02:44.165217470,2025-05-22 16:10:34.783866614,2025-05-22 18:11:10.974228560,4.41,7.84,Available,True
INC-01010,2025-05-22 16:50:26,Medical Emergency,2,Medical,Station 07,R-03,Rescue,31.539713,74.335445,2025-05-22 16:51:19.720572452,2025-05-22 16:58:39.683783294,2025-05-22 18:31:12.224790062,5.18,7.33,Available,True
INC-00197,2025-05-22 22:00:06,Vehicle Accident,4,Road Traffic,Station 21,R-03,Rescue,31.5505,74.364417,2025-05-22 22:03:37.983259728,2025-05-22 22:14:56.599659996,2025-05-23 00:41:04.539145415,7.78,11.31,Available,True
INC-00802,2025-05-23 17:32:22,Vehicle Accident,4,Road Traffic,Station 07,E-03,Engine,31.524335,74.308854,2025-05-23 17:34:44.063131642,2025-05-23 17:43:12.991333126,2025-05-23 19:21:39.286195054,6.87,8.48,Available,True
INC-00405,2025-05-23 20:54:56,Vehicle Accident,3,Road Traffic,Station 03,R-04,Rescue,31.519945,74.365083,2025-05-23 20:57:22.656127226,2025-05-23 21:05:37.034617286,2025-05-23 22:48:57.881169320,5.06,8.24,Available,True
INC-00713,2025-05-24 06:23:46,Water Rescue,4,Water,Station 07,W-01,Water Rescue Unit,31.544978,74.310847,2025-05-24 06:26:01.196499315,2025-05-24 06:32:48.603928311,2025-05-24 08:23:44.741210181,5.15,6.79,Available,False
INC-00254,2025-05-24 16:25:25,Medical Emergency,2,Medical,Station 03,R-02,Rescue,31.508861,74.339396,2025-05-24 16:27:43.645872412,2025-05-24 16:32:13.941775966,2025-05-24 17:50:14.073955906,4.59,4.5,Dispatched,True
INC-00516,2025-05-24 21:09:55,Medical Emergency,3,Medical,Station 12,E-01,Engine,31.469793,74.372206,2025-05-24 21:12:11.406099387,2025-05-24 21:22:23.726524413,2025-05-24 23:51:59.046487059,5.62,10.21,Available,True
INC-00979,2025-05-25 05:10:55,Medical Emergency,2,Medical,Station 07,E-04,Engine,31.514958,74.345942,2025-05-25 05:13:17.029813702,2025-05-25 05:19:18.260682580,2025-05-25 07:02:55.068535378,4.61,6.02,Available,True
INC-00369,2025-05-25 17:07:27,Structure Fire,4,Fire,Station 12,L-03,Ladder,31.50766,74.350094,2025-05-25 17:10:43.877268840,2025-05-25 17:21:40.031297244,2025-05-25 19:26:09.868432206,9.14,10.94,Available,False
INC-00446,2025-05-26 14:27:11,Medical Emergency,3,Medical,Station 07,R-02,Rescue,31.547991,74.310651,2025-05-26 14:28:10.594288544,2025-05-26 14:38:08.816802800,2025-05-26 16:18:04.955250068,9.94,9.97,Available,False
INC-00973,2025-05-26 15:00:06,Structure Fire,4,Fire,Station 12,E-02,Engine,31.500292,74.383483,2025-05-26 15:02:20.807052528,2025-05-26 15:07:50.814661986,2025-05-26 16:46:33.677961180,3.92,5.5,Available,True
INC-00242,2025-05-26 21:21:11,Vehicle Accident,3,Road Traffic,Station 03,R-01,Rescue,31.523052,74.381785,2025-05-26 21:23:42.061532503,2025-05-26 21:31:29.622550867,2025-05-26 23:28:07.566988165,6.89,7.79,Available,False
INC-00041,2025-05-27 09:30:37,Medical Emergency,3,Medical,Station 21,E-08,Engine,31.559016,74.377104,2025-05-27 09:32:41.832269164,2025-05-27 09:42:46.221479884,2025-05-27 11:17:23.344926490,5.67,10.07,Dispatched,True
INC-00927,2025-05-27 09:38:35,Medical Emergency,2,Medical,Station 07,R-03,Rescue,31.540579,74.332348,2025-05-27 09:41:23.297419820,2025-05-27 09:48:48.760536608,2025-05-27 10:50:57.477189986,8.34,7.42,Available,True
INC-00634,2025-05-27 13:08:13,High-Rise Rescue,4,High-Rise,Station 12,L-01,Ladder,31.502352,74.411913,2025-05-27 13:11:19.367919712,2025-05-27 13:18:19.258909402,2025-05-27 15:34:57.984391846,4.02,7.0,Available,True
INC-00451,2025-05-28 01:43:55,Medical Emergency,2,Medical,Station 21,E-08,Engine,31.543989,74.363893,2025-05-28 01:46:29.043205324,2025-05-28 01:55:40.772332510,2025-05-28 03:12:47.605658812,8.07,9.2,Dispatched,True
INC-00133,2025-05-28 05:07:22,Medical Emergency,4,Medical,Station 12,R-03,Rescue,31.500616,74.365592,2025-05-28 05:10:04.254186436,2025-05-28 05:18:34.950640462,2025-05-28 07:06:47.640489520,5.51,8.51,Available,False
INC-00168,2025-05-28 05:54:54,Medical Emergency,1,Medical,Station 12,E-03,Engine,31.461483,74.355764,2025-05-28 05:57:01.816001898,2025-05-28 06:02:57.631006230,2025-05-28 06:49:45.593183874,5.81,5.93,Dispatched,True
INC-00457,2025-05-28 16:46:26,Hazmat,5,Chemical,Station 03,R-02,Rescue,31.511778,74.361698,2025-05-28 16:48:52.973132816,2025-05-28 16:54:59.206175114,2025-05-28 18:43:54.007033298,3.09,6.1,Available,True
INC-00171,2025-05-28 18:22:56,Water Rescue,5,Water,Station 07,R-01,Rescue,31.517381,74.298514,2025-05-28 18:27:21.836532482,2025-05-28 18:34:55.894942838,2025-05-28 20:49:44.352048644,5.78,7.57,Available,True
INC-00742,2025-05-28 21:51:34,Medical Emergency,5,Medical,Station 07,E-06,Engine,31.539489,74.300359,2025-05-28 21:55:25.653770554,2025-05-28 22:06:31.169645932,2025-05-29 00:46:27.973405618,6.88,11.09,Available,True
INC-00624,2025-05-28 23:52:53,Confined Space,2,Confined Space,Station 03,E-05,Engine,31.511813,74.341741,2025-05-28 23:55:43.610038268,2025-05-29 00:07:33.278424716,2025-05-29 01:45:37.110104126,8.01,11.83,Dispatched,True
INC-00172,2025-05-29 02:42:12,Structure Fire,3,Fire,Station 07,R-01,Rescue,31.529683,74.309988,2025-05-29 02:44:19.918001076,2025-05-29 02:49:29.752920252,2025-05-29 04:06:06.801945756,4.05,5.16,Available,True
INC-00851,2025-05-29 12:19:55,Water Rescue,5,Water,Station 07,W-01,Water Rescue Unit,31.554115,74.31881,2025-05-29 12:21:15.264794854,2025-05-29 12:28:44.497117426,2025-05-29 15:09:28.105974994,6.81,7.49,Dispatched,True
INC-01080,2025-05-29 13:40:02,Medical Emergency,5,Medical,Station 21,E-02,Engine,31.565345,74.373991,2025-05-29 13:42:37.453038848,2025-05-29 13:53:30.325842374,2025-05-29 15:36:46.838740964,9.18,10.88,Dispatched,True
INC-00072,2025-05-29 14:30:20,Medical Emergency,2,Medical,Station 12,E-02,Engine,31.44411,74.386637,2025-05-29 14:33:10.744136756,2025-05-29 14:36:13.905151496,2025-05-29 16:17:49.914246944,2.18,3.05,Available,False
INC-00901,2025-05-29 15:24:19,Structure Fire,4,Fire,Station 12,E-06,Engine,31.484823,74.383702,2025-05-29 15:27:23.013414724,2025-05-29 15:32:54.256642246,2025-05-29 17:24:06.897536656,2.16,5.52,Available,True
INC-00542,2025-05-29 22:22:13,Structure Fire,5,Fire,Station 03,E-04,Engine,31.522745,74.376046,2025-05-29 22:24:22.423132426,2025-05-29 22:34:34.343254630,2025-05-30 01:04:56.807391676,7.47,10.2,Available,True
INC-00355,2025-05-30 23:02:08,Vehicle Accident,4,Road Traffic,Station 07,E-06,Engine,31.546536,74.319952,2025-05-30 23:05:04.216867598,2025-05-30 23:11:23.113245746,2025-05-31 01:15:04.976612690,3.95,6.31,Dispatched,True
INC-00329,2025-05-31 06:53:28,Medical Emergency,3,Medical,Station 07,R-02,Rescue,31.558169,74.333539,2025-05-31 06:55:36.792521974,2025-05-31 07:00:33.148635808,2025-05-31 08:37:30.900047566,3.6,4.94,Dispatched,False
INC-00768,2025-05-31 09:08:27,Hazmat,4,Chemical,Station 21,H-02,Hazmat Unit,31.529683,74.388343,2025-05-31 09:11:09.952368834,2025-05-31 09:22:13.111723386,2025-05-31 11:09:14.382245598,6.65,11.05,Available,True
INC-00958,2025-05-31 17:06:13,Medical Emergency,2,Medical,Station 03,R-02,Rescue,31.506924,74.353714,2025-05-31 17:09:42.115545190,2025-05-31 17:15:10.823284996,2025-05-31 18:27:07.229693866,3.71,5.48,Available,True
INC-00261,2025-05-31 17:25:04,Structure Fire,5,Fire,Station 12,L-02,Ladder,31.500884,74.371847,2025-05-31 17:26:01.560908884,2025-05-31 17:31:57.990578926,2025-05-31 19:40:07.851493336,2.76,5.94,Dispatched,True
INC-00962,2025-06-01 00:01:08,Water Rescue,3,Water,Station 12,W-02,Water Rescue Unit,31.50175,74.394771,2025-06-01 00:02:27.354898712,2025-06-01 00:11:37.405020926,2025-06-01 02:09:28.437573878,7.47,9.17,Available,True
INC-00967,2025-06-01 04:01:59,Medical Emergency,1,Medical,Station 07,E-07,Engine,31.518994,74.347917,2025-06-01 04:03:29.385404006,2025-06-01 04:08:08.599310504,2025-06-01 05:15:55.397808680,5.09,4.65,Dispatched,True
INC-00159,2025-06-01 07:14:42,Hazmat,4,Chemical,Station 21,R-03,Rescue,31.546457,74.391066,2025-06-01 07:16:25.770259524,2025-06-01 07:23:45.981741768,2025-06-01 09:21:27.680709564,2.71,7.34,Available,False
INC-01106,2025-06-01 09:49:42,Medical Emergency,2,Medical,Station 12,R-04,Rescue,31.483188,74.354497,2025-06-01 09:53:37.325522928,2025-06-01 10:04:09.822582971,2025-06-01 11:14:00.028693217,8.25,10.54,Dispatched,True
INC-00691,2025-06-01 11:31:51,Structure Fire,4,Fire,Station 12,R-03,Rescue,31.464213,74.373429,2025-06-01 11:33:47.571445320,2025-06-01 11:38:06.664104600,2025-06-01 13:29:33.874385832,3.6,4.32,Available,True
INC-01027,2025-06-01 11:47:42,Confined Space,4,Confined Space,Station 12,E-02,Engine,31.491437,74.360464,2025-06-01 11:50:39.173323158,2025-06-01 11:58:04.081005378,2025-06-01 13:31:06.903983556,6.05,7.42,Available,True
INC-00679,2025-06-01 20:12:18,Medical Emergency,1,Medical,Station 03,R-03,Rescue,31.558888,74.350849,2025-06-01 20:15:51.513531768,2025-06-01 20:27:57.800155356,2025-06-01 21:54:09.764955324,10.15,12.1,Available,False
INC-00076,2025-06-02 15:07:57,Medical Emergency,1,Medical,Station 12,R-02,Rescue,31.497357,74.327395,2025-06-02 15:10:24.415296006,2025-06-02 15:17:22.528704768,2025-06-02 16:16:33.212782392,5.74,6.97,Available,True
INC-00671,2025-06-02 19:11:44,Structure Fire,4,Fire,Station 03,L-02,Ladder,31.528542,74.369027,2025-06-02 19:14:43.419401486,2025-06-02 19:21:24.592346156,2025-06-02 21:35:05.450004326,4.49,6.69,Maintenance,True
INC-00758,2025-06-02 23:34:08,Structure Fire,3,Fire,Station 07,L-02,Ladder,31.520851,74.357726,2025-06-02 23:34:57.575240684,2025-06-02 23:39:20.399900444,2025-06-03 01:07:10.701975266,3.59,4.38,Available,True
INC-00349,2025-06-03 02:29:35,Medical Emergency,2,Medical,Station 12,E-03,Engine,31.519247,74.367713,2025-06-03 02:31:22.986613232,2025-06-03 02:39:48.520280120,2025-06-03 04:17:25.491201080,7.35,8.43,Dispatched,False
INC-00656,2025-06-03 03:55:31,Medical Emergency,3,Medical,Station 21,R-02,Rescue,31.546202,74.383042,2025-06-03 03:58:19.669533556,2025-06-03 04:08:22.021336564,2025-06-03 06:06:47.634411046,7.44,10.04,Available,True
INC-00037,2025-06-03 05:08:43,Structure Fire,5,Fire,Station 03,E-08,Engine,31.506748,74.318633,2025-06-03 05:09:13.000000000,2025-06-03 05:15:07.083583312,2025-06-03 07:38:41.311538206,4.33,5.9,Available,True
INC-01035,2025-06-03 14:12:01,Structure Fire,4,Fire,Station 07,R-03,Rescue,31.518909,74.326917,2025-06-03 14:14:03.774654892,2025-06-03 14:19:47.309489974,2025-06-03 16:12:20.880520834,3.88,5.73,Dispatched,True
INC-00364,2025-06-03 17:14:48,Medical Emergency,3,Medical,Station 12,R-03,Rescue,31.486076,74.370289,2025-06-03 17:15:38.422250892,2025-06-03 17:25:00.667391178,2025-06-03 19:06:09.869898024,7.17,9.37,Available,True
INC-01001,2025-06-03 21:59:32,Medical Emergency,1,Medical,Station 03,E-02,Engine,31.504363,74.359264,2025-06-03 22:03:40.438011163,2025-06-03 22:15:57.245485597,2025-06-03 23:20:05.199942223,11.01,12.28,Available,True
INC-00006,2025-06-04 02:38:12,Medical Emergency,3,Medical,Station 12,E-03,Engine,31.516959,74.382844,2025-06-04 02:40:12.169833990,2025-06-04 02:45:08.332217850,2025-06-04 04:05:14.383475874,4.28,4.94,Available,True
INC-00398,2025-06-04 16:19:46,Structure Fire,4,Fire,Station 12,R-04,Rescue,31.478598,74.362345,2025-06-04 16:21:51.866756824,2025-06-04 16:32:07.165885251,2025-06-04 18:39:02.431914591,6.49,10.25,Available,True
INC-00826,2025-06-04 23:00:09,Medical Emergency,2,Medical,Station 12,R-04,Rescue,31.473685,74.3935,2025-06-04 23:03:38.755933794,2025-06-04 23:11:18.549981246,2025-06-05 00:38:43.121363958,6.94,7.66,Available,False
INC-01052,2025-06-05 04:45:08,Hazmat,3,Chemical,Station 12,R-02,Rescue,31.499645,74.381869,2025-06-05 04:47:01.246130534,2025-06-05 04:53:02.810502464,2025-06-05 06:19:55.477703252,2.5,6.03,Dispatched,True
INC-00780,2025-06-05 08:44:02,Structure Fire,5,Fire,Station 12,L-02,Ladder,31.507489,74.374775,2025-06-05 08:47:22.362539534,2025-06-05 08:53:11.793723224,2025-06-05 10:54:16.746038522,4.51,5.82,Available,True
INC-00876,2025-06-05 15:59:23,Water Rescue,3,Water,Station 07,R-03,Rescue,31.531172,74.366581,2025-06-05 16:03:10.310608940,2025-06-05 16:09:33.488200460,2025-06-05 17:48:24.290424794,7.87,6.39,Dispatched,False
INC-00784,2025-06-05 17:50:44,Medical Emergency,3,Medical,Station 03,E-03,Engine,31.534694,74.358037,2025-06-05 17:52:57.736106234,2025-06-05 18:00:16.365737828,2025-06-05 19:51:53.402248436,4.16,7.31,Available,True
INC-00659,2025-06-05 21:42:17,Structure Fire,5,Fire,Station 12,R-01,Rescue,31.481555,74.409184,2025-06-05 21:46:49.647671192,2025-06-05 21:58:53.223189416,2025-06-06 00:26:04.793508416,10.22,12.06,Available,True
INC-00074,2025-06-06 00:24:14,Medical Emergency,3,Medical,Station 03,R-03,Rescue,31.538334,74.34394,2025-06-06 00:28:32.686825718,2025-06-06 00:37:45.306463292,2025-06-06 02:50:25.876155716,9.78,9.21,Dispatched,True
INC-00256,2025-06-07 08:44:15,Medical Emergency,2,Medical,Station 21,R-03,Rescue,31.563675,74.40803,2025-06-07 08:47:50.577469410,2025-06-07 08:58:28.698271038,2025-06-07 10:51:03.573326520,8.14,10.64,Available,False
INC-00923,2025-06-07 21:35:11,High-Rise Rescue,3,High-Rise,Station 07,R-02,Rescue,31.546012,74.370552,2025-06-07 21:37:57.981871424,2025-06-07 21:46:31.872000764,2025-06-07 23:29:45.753480686,4.99,8.56,Available,True
INC-00605,2025-06-08 00:05:44,Medical Emergency,2,Medical,Station 12,R-02,Rescue,31.494929,74.361971,2025-06-08 00:06:51.489488876,2025-06-08 00:14:52.020443078,2025-06-08 01:56:40.157860406,4.99,8.01,Available,False
INC-00833,2025-06-08 02:23:03,Water Rescue,3,Water,Station 03,R-03,Rescue,31.533388,74.33827,2025-06-08 02:25:40.467361200,2025-06-08 02:31:30.821903694,2025-06-08 04:51:02.712400025,4.58,5.84,Dispatched,True
INC-01022,2025-06-10 02:24:00,Vehicle Accident,3,Road Traffic,Station 07,E-08,Engine,31.549187,74.32943,2025-06-10 02:26:06.842444508,2025-06-10 02:34:26.334138966,2025-06-10 04:11:57.901300620,4.71,8.32,Maintenance,False
INC-00828,2025-06-10 06:07:00,Confined Space,2,Confined Space,Station 03,E-08,Engine,31.538871,74.369275,2025-06-10 06:09:20.030347224,2025-06-10 06:17:46.329747882,2025-06-10 08:01:14.857477902,5.48,8.44,Available,True
INC-01033,2025-06-11 09:12:34,Structure Fire,4,Fire,Station 12,E-06,Engine,31.498749,74.413591,2025-06-11 09:16:57.862014244,2025-06-11 09:25:56.330087392,2025-06-11 10:59:50.275744786,5.39,8.97,Available,True
INC-00019,2025-06-11 11:56:07,High-Rise Rescue,3,High-Rise,Station 03,E-01,Engine,31.49462,74.336765,2025-06-11 11:57:54.433481632,2025-06-11 12:07:10.050346053,2025-06-11 13:54:40.811630588,9.39,9.26,Available,False
INC-00296,2025-06-12 04:22:18,Water Rescue,4,Water,Station 12,R-02,Rescue,31.494829,74.411212,2025-06-12 04:24:13.659540294,2025-06-12 04:29:07.590150480,2025-06-12 06:12:24.118434708,5.2,4.9,Available,True
INC-00083,2025-06-13 02:14:21,Water Rescue,4,Water,Station 03,W-02,Water Rescue Unit,31.513432,74.37735,2025-06-13 02:16:26.233514850,2025-06-13 02:20:45.664141380,2025-06-13 04:42:21.088672686,4.71,4.32,Available,True
INC-00688,2025-06-13 13:16:50,Medical Emergency,2,Medical,Station 21,E-04,Engine,31.559228,74.376157,2025-06-13 13:19:17.409278828,2025-06-13 13:25:44.579532284,2025-06-13 14:55:00.462630410,3.78,6.45,Available,False
INC-01087,2025-06-13 16:23:44,Water Rescue,5,Water,Station 12,R-04,Rescue,31.467366,74.390629,2025-06-13 16:25:41.922246740,2025-06-13 16:33:58.652526661,2025-06-13 18:52:29.096378875,8.6,8.28,Dispatched,False
INC-00703,2025-06-15 00:02:42,Vehicle Accident,2,Road Traffic,Station 07,E-08,Engine,31.552154,74.32864,2025-06-15 00:03:40.337723976,2025-06-15 00:08:00.161781696,2025-06-15 01:37:45.315254256,2.97,4.33,Available,False
INC-00773,2025-06-16 03:59:04,Medical Emergency,2,Medical,Station 12,R-03,Rescue,31.472042,74.351915,2025-06-16 04:01:44.625639154,2025-06-16 04:09:49.876844410,2025-06-16 05:26:40.128361558,3.97,8.09,Available,True
INC-00244,2025-06-16 10:55:04,Medical Emergency,4,Medical,Station 12,E-08,Engine,31.466964,74.371446,2025-06-16 10:59:11.068779232,2025-06-16 11:12:08.215232314,2025-06-16 12:57:01.399383982,15.01,12.95,Available,True
INC-00246,2025-06-16 22:01:08,Medical Emergency,3,Medical,Station 07,R-03,Rescue,31.566453,74.335099,2025-06-16 22:06:07.140407876,2025-06-16 22:15:51.228215264,2025-06-16 23:19:44.318741132,5.99,9.73,Available,True
INC-01006,2025-06-17 03:30:44,Medical Emergency,3,Medical,Station 21,E-08,Engine,31.566597,74.418972,2025-06-17 03:32:24.398085746,2025-06-17 03:40:33.376973588,2025-06-17 05:21:19.896996614,4.53,8.15,Available,True
INC-00416,2025-06-17 16:29:51,High-Rise Rescue,5,High-Rise,Station 12,R-01,Rescue,31.465206,74.375432,2025-06-17 16:33:08.362312962,2025-06-17 16:39:24.055558872,2025-06-17 19:14:38.726601834,2.64,6.26,Available,True
INC-00844,2025-06-17 22:19:47,Confined Space,2,Confined Space,Station 12,R-02,Rescue,31.493382,74.379371,2025-06-17 22:22:01.004769254,2025-06-17 22:32:08.558118896,2025-06-17 23:30:10.740522476,6.42,10.13,Available,False
INC-00771,2025-06-18 16:10:58,High-Rise Rescue,4,High-Rise,Station 03,L-02,Ladder,31.521523,74.373988,2025-06-18 16:13:55.146527830,2025-06-18 16:18:41.465529106,2025-06-18 18:21:50.527461544,2.04,4.77,Available,True
INC-00009,2025-06-18 19:43:06,Structure Fire,5,Fire,Station 07,L-03,Ladder,31.559597,74.355077,2025-06-18 19:46:51.710459034,2025-06-18 19:58:24.983646228,2025-06-18 22:13:20.394257328,9.92,11.55,Available,True
INC-00129,2025-06-19 04:09:15,Water Rescue,3,Water,Station 07,W-01,Water Rescue Unit,31.545604,74.354991,2025-06-19 04:12:17.980789500,2025-06-19 04:26:10.968557232,2025-06-19 06:40:17.931227730,14.04,13.88,Available,False
INC-00216,2025-06-19 11:46:35,Medical Emergency,3,Medical,Station 12,E-05,Engine,31.475613,74.367346,2025-06-19 11:48:37.562077538,2025-06-19 11:55:01.425561332,2025-06-19 13:24:39.316825550,3.7,6.4,Available,True
INC-00472,2025-06-19 13:31:11,Structure Fire,4,Fire,Station 12,E-06,Engine,31.476504,74.379885,2025-06-19 13:33:37.611084128,2025-06-19 13:42:01.763579438,2025-06-19 15:20:15.618181208,3.9,8.4,Dispatched,True
INC-00257,2025-06-19 17:39:35,High-Rise Rescue,5,High-Rise,Station 03,R-04,Rescue,31.498192,74.333994,2025-06-19 17:43:00.471141116,2025-06-19 17:57:38.461638350,2025-06-19 19:47:04.278310016,10.9,14.63,Maintenance,False
INC-01051,2025-06-19 22:08:36,Water Rescue,4,Water,Station 07,R-01,Rescue,31.527803,74.306679,2025-06-19 22:10:59.505446886,2025-06-19 22:24:25.268006160,2025-06-20 00:10:04.089634902,8.54,13.43,Available,True
INC-00485,2025-06-20 07:58:15,Medical Emergency,1,Medical,Station 12,R-03,Rescue,31.486391,74.364233,2025-06-20 08:00:19.101834930,2025-06-20 08:08:08.474166282,2025-06-20 08:51:50.206962354,7.48,7.82,Available,True
INC-00211,2025-06-20 15:35:08,High-Rise Rescue,3,High-Rise,Station 07,R-01,Rescue,31.544714,74.305814,2025-06-20 15:38:18.026125004,2025-06-20 15:44:16.490402528,2025-06-20 17:22:51.034832630,3.82,5.97,Available,True
INC-00330,2025-06-20 21:22:40,Medical Emergency,3,Medical,Station 12,E-02,Engine,31.468217,74.363556,2025-06-20 21:25:44.732678974,2025-06-20 21:34:19.376803744,2025-06-20 22:46:53.878363006,7.65,8.58,Available,True
INC-00836,2025-06-21 17:32:48,Structure Fire,3,Fire,Station 03,R-04,Rescue,31.528334,74.400707,2025-06-21 17:36:09.049237218,2025-06-21 17:40:24.377211972,2025-06-21 19:00:01.946406684,5.03,4.26,Available,True
INC-00636,2025-06-21 18:17:40,Medical Emergency,3,Medical,Station 21,E-01,Engine,31.565273,74.368344,2025-06-21 18:20:23.200115332,2025-06-21 18:27:58.823806978,2025-06-21 20:17:21.476067616,7.28,7.59,Available,True
INC-00165,2025-06-22 05:48:48,Medical Emergency,3,Medical,Station 12,E-07,Engine,31.505425,74.353466,2025-06-22 05:51:44.702704800,2025-06-22 06:00:54.131202150,2025-06-22 07:27:45.142046040,8.2,9.16,Available,False
INC-01108,2025-06-22 06:08:30,Structure Fire,5,Fire,Station 03,E-05,Engine,31.524048,74.323801,2025-06-22 06:10:24.313446750,2025-06-22 06:17:19.606346634,2025-06-22 09:01:33.566929680,5.82,6.92,Available,False
INC-00512,2025-06-22 10:53:47,Vehicle Accident,4,Road Traffic,Station 21,E-07,Engine,31.570538,74.427793,2025-06-22 10:56:26.089548644,2025-06-22 11:07:35.607669614,2025-06-22 13:13:18.409891982,9.36,11.16,Available,True
INC-01092,2025-06-22 11:57:21,Vehicle Accident,3,Road Traffic,Station 12,R-04,Rescue,31.486509,74.352598,2025-06-22 11:59:05.121595512,2025-06-22 12:09:11.033002206,2025-06-22 14:00:52.200521802,11.73,10.1,Available,True
INC-00616,2025-06-22 20:00:28,Medical Emergency,2,Medical,Station 07,E-03,Engine,31.525024,74.306283,2025-06-22 20:04:12.481275436,2025-06-22 20:20:50.654343028,2025-06-22 21:25:46.074112882,18.0,16.64,Dispatched,True
INC-00418,2025-06-22 21:05:51,Vehicle Accident,2,Road Traffic,Station 07,R-01,Rescue,31.533995,74.330219,2025-06-22 21:09:07.155878021,2025-06-22 21:19:02.807511617,2025-06-22 23:48:25.142126861,6.42,9.93,Available,True
INC-01047,2025-06-23 03:56:46,Vehicle Accident,5,Road Traffic,Station 12,R-04,Rescue,31.506669,74.363785,2025-06-23 03:59:24.267054514,2025-06-23 04:09:06.387492538,2025-06-23 06:23:20.266380850,5.29,9.7,Available,True
INC-00900,2025-06-23 04:39:00,Vehicle Accident,4,Road Traffic,Station 21,E-05,Engine,31.571449,74.431511,2025-06-23 04:39:55.326164502,2025-06-23 04:43:41.291878170,2025-06-23 06:58:26.851620126,2.05,3.77,Dispatched,True
INC-01121,2025-06-23 17:58:52,Vehicle Accident,3,Road Traffic,Station 07,E-08,Engine,31.552342,74.328747,2025-06-23 17:59:58.538008558,2025-06-23 18:07:29.582419510,2025-06-23 19:51:42.836892610,4.31,7.52,Dispatched,True
INC-00681,2025-06-24 00:04:48,Confined Space,4,Confined Space,Station 07,E-03,Engine,31.537382,74.310563,2025-06-24 00:07:16.551025824,2025-06-24 00:15:45.110607054,2025-06-24 02:13:29.012617812,6.45,8.48,Available,True
INC-00595,2025-06-24 06:56:00,Vehicle Accident,4,Road Traffic,Station 07,E-08,Engine,31.536149,74.3304,2025-06-24 06:59:25.495807638,2025-06-24 07:03:55.929587796,2025-06-24 09:01:49.474698756,5.43,4.51,Dispatched,True
INC-00421,2025-06-24 23:40:05,Vehicle Accident,4,Road Traffic,Station 07,E-05,Engine,31.544607,74.314053,2025-06-24 23:41:21.865681352,2025-06-24 23:49:48.599810498,2025-06-25 01:21:55.544518472,2.92,8.45,Available,True
INC-00612,2025-06-25 01:48:22,Medical Emergency,2,Medical,Station 12,R-04,Rescue,31.496425,74.374424,2025-06-25 01:49:59.566206646,2025-06-25 01:59:55.991092390,2025-06-25 03:22:12.121462828,8.16,9.94,Available,True
INC-00399,2025-06-25 04:00:15,Medical Emergency,3,Medical,Station 07,R-02,Rescue,31.546969,74.360034,2025-06-25 04:01:55.002596016,2025-06-25 04:12:15.701803686,2025-06-25 05:46:06.813667302,10.8,10.34,Available,True
INC-00134,2025-06-25 11:20:18,Medical Emergency,4,Medical,Station 07,E-08,Engine,31.537644,74.308416,2025-06-25 11:22:13.150575780,2025-06-25 11:29:47.852053506,2025-06-25 13:14:39.628446510,7.2,7.58,Available,True
INC-00513,2025-06-25 11:20:25,Medical Emergency,1,Medical,Station 07,R-01,Rescue,31.498727,74.321789,2025-06-25 11:22:39.244176928,2025-06-25 11:28:13.766203060,2025-06-25 13:04:23.681035792,4.03,5.58,Available,True
INC-00620,2025-06-25 20:03:37,Medical Emergency,2,Medical,Station 03,R-03,Rescue,31.530016,74.430689,2025-06-25 20:06:29.806927492,2025-06-25 20:14:00.784425544,2025-06-25 21:40:23.514780844,3.92,7.52,Available,True
INC-00862,2025-06-26 00:45:00,Medical Emergency,2,Medical,Station 07,R-02,Rescue,31.535048,74.320323,2025-06-26 00:45:59.142074226,2025-06-26 00:55:11.846779164,2025-06-26 02:30:02.182012578,6.17,9.21,Available,True
INC-01058,2025-06-26 22:01:09,Medical Emergency,1,Medical,Station 07,R-02,Rescue,31.530028,74.319959,2025-06-26 22:03:50.008876050,2025-06-26 22:19:13.210290030,2025-06-26 23:41:41.067217392,14.86,15.39,Available,True
INC-00693,2025-06-26 22:28:58,Medical Emergency,2,Medical,Station 07,E-06,Engine,31.548223,74.31715,2025-06-26 22:31:34.492098190,2025-06-26 22:44:20.827745422,2025-06-27 00:34:37.870902838,8.44,12.77,Available,True
INC-00057,2025-06-27 14:47:31,Hazmat,4,Chemical,Station 07,R-02,Rescue,31.567146,74.309237,2025-06-27 14:50:22.074932434,2025-06-27 15:00:35.489528536,2025-06-27 17:25:10.673472718,9.57,10.22,Dispatched,True
INC-00069,2025-06-27 18:21:47,Medical Emergency,3,Medical,Station 07,R-03,Rescue,31.525201,74.351823,2025-06-27 18:24:38.363383082,2025-06-27 18:32:35.483833340,2025-06-27 20:41:35.526655688,4.32,7.95,Available,True
INC-00539,2025-06-28 01:39:10,Medical Emergency,3,Medical,Station 12,R-04,Rescue,31.478241,74.366122,2025-06-28 01:40:52.446979582,2025-06-28 01:51:14.786349454,2025-06-28 03:31:26.956720564,8.06,10.37,Available,True
INC-00270,2025-06-28 11:37:20,Medical Emergency,3,Medical,Station 12,E-07,Engine,31.503617,74.362074,2025-06-28 11:39:10.382986052,2025-06-28 11:50:40.103247182,2025-06-28 13:24:07.613275760,11.64,11.5,Available,True
INC-00673,2025-06-28 12:20:47,Medical Emergency,2,Medical,Station 12,R-01,Rescue,31.514053,74.350326,2025-06-28 12:22:09.688840898,2025-06-28 12:31:30.721025348,2025-06-28 14:05:26.345447540,8.41,9.35,Available,True
INC-00188,2025-06-28 20:28:22,Medical Emergency,4,Medical,Station 12,R-04,Rescue,31.479157,74.373859,2025-06-28 20:31:47.707740184,2025-06-28 20:45:10.233649858,2025-06-28 22:26:38.218045780,9.67,13.38,Available,True
INC-00360,2025-06-29 06:03:48,Structure Fire,5,Fire,Station 07,L-01,Ladder,31.545184,74.298229,2025-06-29 06:07:45.886802790,2025-06-29 06:18:07.836712668,2025-06-29 08:40:10.901425770,7.7,10.37,Available,False
INC-01093,2025-06-29 20:39:33,Hazmat,4,Chemical,Station 03,R-04,Rescue,31.558596,74.364151,2025-06-29 20:41:18.858396048,2025-06-29 20:53:11.616805428,2025-06-29 23:20:48.446205732,7.81,11.88,Available,True
INC-00440,2025-06-30 02:07:55,Medical Emergency,3,Medical,Station 07,R-03,Rescue,31.515422,74.319068,2025-06-30 02:10:52.870205104,2025-06-30 02:19:18.195969748,2025-06-30 04:22:24.233260528,7.89,8.42,Available,False
INC-00154,2025-06-30 11:39:34,Medical Emergency,3,Medical,Station 03,E-02,Engine,31.502465,74.38392,2025-06-30 11:40:50.038971135,2025-06-30 11:49:14.083536117,2025-06-30 13:50:49.020609219,6.24,8.4,Available,True
INC-00117,2025-06-30 15:02:19,Structure Fire,4,Fire,Station 21,E-04,Engine,31.577193,74.392916,2025-06-30 15:04:12.075290098,2025-06-30 15:11:54.783386950,2025-06-30 16:49:57.539713492,3.6,7.71,Available,False
INC-00912,2025-07-01 03:18:24,Vehicle Accident,4,Road Traffic,Station 07,R-01,Rescue,31.548066,74.356853,2025-07-01 03:20:34.414974036,2025-07-01 03:30:52.091283714,2025-07-01 04:31:32.160999090,11.33,10.29,Dispatched,True
INC-00697,2025-07-01 12:33:15,Vehicle Accident,5,Road Traffic,Station 07,R-01,Rescue,31.553636,74.333176,2025-07-01 12:35:48.980304774,2025-07-01 12:44:25.692994848,2025-07-01 15:39:08.334404250,8.78,8.61,Available,True
INC-00575,2025-07-01 19:41:29,Confined Space,4,Confined Space,Station 07,R-03,Rescue,31.533767,74.314463,2025-07-01 19:46:06.445586678,2025-07-01 19:58:50.999502716,2025-07-01 22:25:43.112802548,14.99,12.74,Dispatched,True
INC-00604,2025-07-01 20:40:15,Hazmat,4,Chemical,Station 21,H-02,Hazmat Unit,31.555799,74.388574,2025-07-01 20:44:06.739803288,2025-07-01 20:54:39.027156546,2025-07-01 22:42:52.216676652,5.89,10.54,Dispatched,True
INC-01095,2025-07-02 02:36:49,Structure Fire,3,Fire,Station 07,R-02,Rescue,31.483085,74.333221,2025-07-02 02:37:41.140649584,2025-07-02 02:47:50.493674962,2025-07-02 04:08:30.982149658,7.77,10.16,Available,True
INC-00775,2025-07-02 17:30:03,Medical Emergency,3,Medical,Station 03,E-04,Engine,31.495305,74.345225,2025-07-02 17:31:38.436861912,2025-07-02 17:42:57.475515054,2025-07-02 19:42:31.763983074,12.53,11.32,Available,True
INC-00861,2025-07-03 01:00:28,Vehicle Accident,4,Road Traffic,Station 12,R-04,Rescue,31.484045,74.336035,2025-07-03 01:02:54.105527746,2025-07-03 01:11:20.885633578,2025-07-03 03:03:41.989299040,3.97,8.45,Available,True
INC-00814,2025-07-03 20:02:17,Medical Emergency,2,Medical,Station 03,R-03,Rescue,31.532117,74.36903,2025-07-03 20:05:57.381370958,2025-07-03 20:17:58.493266568,2025-07-03 22:03:48.209208818,9.44,12.02,Available,False
INC-00441,2025-07-04 00:47:56,Hazmat,5,Chemical,Station 03,H-02,Hazmat Unit,31.501472,74.343429,2025-07-04 00:50:53.759187764,2025-07-04 00:59:48.619060070,2025-07-04 03:37:54.595335110,7.76,8.91,Maintenance,True
INC-00850,2025-07-04 09:30:36,Vehicle Accident,4,Road Traffic,Station 12,R-03,Rescue,31.491312,74.379677,2025-07-04 09:33:49.692102804,2025-07-04 09:43:07.258974246,2025-07-04 11:19:40.880985426,6.74,9.29,Available,True
INC-00061,2025-07-04 10:01:21,Structure Fire,5,Fire,Station 12,E-06,Engine,31.485978,74.337402,2025-07-04 10:02:32.768885436,2025-07-04 10:12:06.905531502,2025-07-04 12:38:08.752954608,7.28,9.57,Dispatched,True
INC-00852,2025-07-04 18:15:17,High-Rise Rescue,4,High-Rise,Station 12,L-03,Ladder,31.474601,74.37591,2025-07-04 18:19:27.577190186,2025-07-04 18:29:48.898142192,2025-07-04 20:04:33.218352938,9.86,10.36,Available,False
INC-00026,2025-07-04 18:33:56,Structure Fire,4,Fire,Station 07,L-03,Ladder,31.542093,74.311028,2025-07-04 18:36:31.535501696,2025-07-04 18:45:14.227607258,2025-07-04 20:46:16.038561098,4.55,8.71,Available,False
INC-00147,2025-07-05 08:10:46,Structure Fire,5,Fire,Station 07,L-01,Ladder,31.540602,74.333493,2025-07-05 08:13:54.493808595,2025-07-05 08:27:03.488777361,2025-07-05 11:02:24.662144055,9.01,13.15,Available,False
INC-00141,2025-07-05 12:37:24,Water Rescue,4,Water,Station 03,W-02,Water Rescue Unit,31.511083,74.323999,2025-07-05 12:39:29.965587054,2025-07-05 12:44:38.649199362,2025-07-05 14:57:43.022297544,2.24,5.14,Available,False
INC-00135,2025-07-05 12:51:28,Water Rescue,4,Water,Station 03,R-01,Rescue,31.555111,74.401962,2025-07-05 12:53:31.061137594,2025-07-05 13:01:11.325753262,2025-07-05 14:47:33.856251166,3.15,7.67,Dispatched,True
INC-00348,2025-07-05 14:53:47,Medical Emergency,2,Medical,Station 12,R-04,Rescue,31.522448,74.335207,2025-07-05 14:55:51.697259198,2025-07-05 15:03:08.214377701,2025-07-05 16:16:52.317828337,3.63,7.28,Available,True
INC-01089,2025-07-05 17:11:47,Water Rescue,3,Water,Station 03,R-03,Rescue,31.524172,74.340779,2025-07-05 17:14:45.818932190,2025-07-05 17:21:59.380937462,2025-07-05 18:51:18.474507224,5.87,7.23,Available,False
INC-00646,2025-07-05 17:35:57,Hazmat,4,Chemical,Station 07,R-04,Rescue,31.516272,74.337057,2025-07-05 17:37:06.829558404,2025-07-05 17:44:34.218421074,2025-07-05 19:39:27.588027396,4.32,7.46,Available,False
INC-00803,2025-07-06 02:27:25,Vehicle Accident,3,Road Traffic,Station 07,R-01,Rescue,31.468242,74.327319,2025-07-06 02:29:41.076599788,2025-07-06 02:35:21.022972696,2025-07-06 04:36:28.625804872,4.18,5.67,Available,True
INC-00002,2025-07-06 06:41:18,Medical Emergency,2,Medical,Station 21,R-02,Rescue,31.572898,74.383056,2025-07-06 06:43:08.514376506,2025-07-06 06:48:52.614282186,2025-07-06 08:14:28.528216290,3.66,5.73,Available,True
INC-00658,2025-07-06 08:30:10,Vehicle Accident,3,Road Traffic,Station 03,R-02,Rescue,31.506768,74.356827,2025-07-06 08:32:30.878898484,2025-07-06 08:43:41.212981144,2025-07-06 10:33:55.871025424,9.38,11.17,Dispatched,True
INC-00835,2025-07-07 02:03:24,Structure Fire,5,Fire,Station 07,R-02,Rescue,31.538075,74.35929,2025-07-07 02:05:45.184856394,2025-07-07 02:11:13.414978836,2025-07-07 04:28:54.435949584,4.85,5.47,Available,True
INC-00466,2025-07-07 08:41:31,Hazmat,4,Chemical,Station 07,H-02,Hazmat Unit,31.501725,74.339833,2025-07-07 08:44:21.304348930,2025-07-07 08:53:19.713084250,2025-07-07 10:32:07.133976934,6.42,8.97,Available,False
INC-00249,2025-07-08 06:27:53,Structure Fire,4,Fire,Station 03,E-08,Engine,31.527703,74.361404,2025-07-08 06:29:20.245293464,2025-07-08 06:38:41.437534508,2025-07-08 08:53:26.371557452,4.46,9.35,Available,True
INC-00526,2025-07-09 03:07:30,Water Rescue,4,Water,Station 07,W-01,Water Rescue Unit,31.521302,74.345103,2025-07-09 03:09:55.362107640,2025-07-09 03:18:26.005047480,2025-07-09 05:40:21.126910410,4.4,8.51,Available,True
INC-00294,2025-07-09 06:03:54,Hazmat,5,Chemical,Station 03,H-01,Hazmat Unit,31.529041,74.351536,2025-07-09 06:06:12.239084658,2025-07-09 06:17:09.978997758,2025-07-09 08:39:43.201331838,9.63,10.96,Available,True
INC-00978,2025-07-09 06:37:05,Medical Emergency,3,Medical,Station 12,R-02,Rescue,31.477656,74.399487,2025-07-09 06:40:41.269394486,2025-07-09 06:48:52.239375494,2025-07-09 08:34:03.006254912,7.72,8.18,Available,True
INC-00500,2025-07-09 08:06:32,Medical Emergency,4,Medical,Station 21,R-01,Rescue,31.584726,74.35244,2025-07-09 08:09:45.504585998,2025-07-09 08:21:24.038115668,2025-07-09 09:48:52.732950302,7.01,11.64,Available,True
INC-00337,2025-07-09 15:36:42,Structure Fire,4,Fire,Station 21,E-03,Engine,31.535631,74.382351,2025-07-09 15:39:16.537505130,2025-07-09 15:43:38.469337386,2025-07-09 17:25:45.637150374,4.08,4.37,Available,False
INC-00821,2025-07-10 05:05:43,Medical Emergency,3,Medical,Station 07,E-08,Engine,31.552207,74.320238,2025-07-10 05:07:26.373767872,2025-07-10 05:14:26.470153450,2025-07-10 06:48:43.833154018,6.9,7.0,Available,True
INC-01065,2025-07-10 11:32:33,Structure Fire,5,Fire,Station 07,R-02,Rescue,31.554122,74.326129,2025-07-10 11:33:47.087533182,2025-07-10 11:41:09.780953910,2025-07-10 14:02:36.938633460,3.68,7.38,Available,True
INC-00652,2025-07-10 13:13:25,High-Rise Rescue,4,High-Rise,Station 21,E-04,Engine,31.556983,74.383799,2025-07-10 13:15:29.535506320,2025-07-10 13:23:05.532054934,2025-07-10 15:39:35.663563552,7.48,7.6,Available,False
INC-00581,2025-07-10 13:13:54,Medical Emergency,2,Medical,Station 12,E-01,Engine,31.486331,74.372544,2025-07-10 13:16:55.495679274,2025-07-10 13:23:08.747298012,2025-07-10 14:39:26.773899426,3.24,6.22,Available,True
INC-00715,2025-07-11 09:10:30,High-Rise Rescue,4,High-Rise,Station 12,E-03,Engine,31.49826,74.365169,2025-07-11 09:12:06.093043074,2025-07-11 09:18:41.507731056,2025-07-11 11:24:11.729107008,3.75,6.59,Available,True
INC-00873,2025-07-11 18:01:36,Hazmat,5,Chemical,Station 12,E-03,Engine,31.510586,74.367797,2025-07-11 18:04:38.018566140,2025-07-11 18:11:42.849108348,2025-07-11 19:32:27.910793646,5.15,7.08,Dispatched,False
INC-00754,2025-07-11 22:32:02,Water Rescue,5,Water,Station 07,W-01,Water Rescue Unit,31.520717,74.296792,2025-07-11 22:33:53.005251332,2025-07-11 22:45:44.910691664,2025-07-12 00:12:11.029314122,5.15,11.87,Available,True
INC-00654,2025-07-12 06:34:11,Hazmat,4,Chemical,Station 12,R-03,Rescue,31.500682,74.382335,2025-07-12 06:34:52.469084510,2025-07-12 06:41:39.895565870,2025-07-12 09:03:03.492186998,7.13,6.79,Dispatched,True
INC-01104,2025-07-12 20:41:28,Confined Space,4,Confined Space,Station 03,R-01,Rescue,31.547874,74.33952,2025-07-12 20:43:28.620336652,2025-07-12 20:58:28.257417298,2025-07-12 23:14:44.965155885,10.99,14.99,Available,False
INC-00725,2025-07-13 01:14:00,Medical Emergency,4,Medical,Station 12,E-07,Engine,31.488096,74.383743,2025-07-13 01:15:49.317860112,2025-07-13 01:23:32.516964702,2025-07-13 03:06:51.652427382,6.03,7.72,Available,False
INC-01037,2025-07-13 03:51:28,Hazmat,4,Chemical,Station 21,R-03,Rescue,31.579271,74.367116,2025-07-13 03:54:03.014429398,2025-07-13 04:01:28.128233602,2025-07-13 05:41:58.779591093,5.57,7.42,Available,False
INC-00524,2025-07-13 13:09:33,Water Rescue,4,Water,Station 21,R-02,Rescue,31.507853,74.42564,2025-07-13 13:12:29.487280326,2025-07-13 13:20:09.122628396,2025-07-13 15:26:56.371933062,4.17,7.66,Dispatched,True
INC-00924,2025-07-13 17:03:33,Medical Emergency,4,Medical,Station 07,R-02,Rescue,31.564485,74.330068,2025-07-13 17:05:33.908791668,2025-07-13 17:14:14.265845232,2025-07-13 19:40:39.604022868,8.81,8.67,Available,True
INC-00633,2025-07-13 18:35:25,Structure Fire,5,Fire,Station 12,L-01,Ladder,31.512668,74.349758,2025-07-13 18:38:51.683313262,2025-07-13 18:49:35.093732614,2025-07-13 20:27:26.067291226,7.8,10.72,Available,True
INC-01061,2025-07-13 21:08:49,Medical Emergency,2,Medical,Station 07,R-04,Rescue,31.500195,74.339586,2025-07-13 21:12:54.817920268,2025-07-13 21:21:19.309710970,2025-07-13 23:09:16.600651072,5.04,8.41,Dispatched,True
INC-00262,2025-07-14 15:16:09,Vehicle Accident,3,Road Traffic,Station 21,R-02,Rescue,31.549603,74.377994,2025-07-14 15:19:09.851034054,2025-07-14 15:27:43.930510745,2025-07-14 17:08:10.407230999,9.74,8.57,Available,True
INC-00064,2025-07-14 23:16:04,Structure Fire,4,Fire,Station 07,E-01,Engine,31.554434,74.293562,2025-07-14 23:19:24.304294816,2025-07-14 23:31:48.698723362,2025-07-15 01:13:42.099385324,9.85,12.41,Available,True
INC-00332,2025-07-15 00:08:31,Vehicle Accident,3,Road Traffic,Station 03,R-04,Rescue,31.507499,74.3319,2025-07-15 00:10:17.551389982,2025-07-15 00:15:55.213013500,2025-07-15 02:27:09.546229222,5.03,5.63,Available,True
INC-00043,2025-07-15 03:51:10,Structure Fire,5,Fire,Station 03,E-03,Engine,31.540281,74.384622,2025-07-15 03:53:53.305793506,2025-07-15 03:59:36.771746206,2025-07-15 06:09:26.317073350,3.46,5.72,Available,False
INC-00214,2025-07-15 10:46:12,Confined Space,4,Confined Space,Station 12,E-05,Engine,31.481224,74.368188,2025-07-15 10:49:09.227705406,2025-07-15 10:54:51.904050036,2025-07-15 13:06:00.818291106,3.33,5.71,Available,True
INC-00306,2025-07-15 10:54:54,Medical Emergency,3,Medical,Station 21,R-03,Rescue,31.543932,74.369273,2025-07-15 10:58:00.406357938,2025-07-15 11:12:40.838577468,2025-07-15 12:36:29.408873556,15.85,14.67,Dispatched,True
INC-00424,2025-07-15 12:39:57,Vehicle Accident,4,Road Traffic,Station 12,R-03,Rescue,31.490596,74.39481,2025-07-15 12:40:56.422196742,2025-07-15 12:52:09.341909622,2025-07-15 14:32:45.688316130,6.23,11.22,Available,True
INC-00720,2025-07-15 23:59:40,Structure Fire,4,Fire,Station 07,R-01,Rescue,31.518474,74.334638,2025-07-16 00:03:41.566623160,2025-07-16 00:12:41.102149114,2025-07-16 01:58:33.067586464,5.02,8.99,Available,True
INC-00928,2025-07-16 00:59:51,Structure Fire,5,Fire,Station 03,R-02,Rescue,31.529793,74.369004,2025-07-16 01:00:55.243374642,2025-07-16 01:08:03.599343504,2025-07-16 03:24:47.969835408,6.15,7.14,Available,True
INC-00606,2025-07-16 05:23:51,Medical Emergency,4,Medical,Station 12,R-04,Rescue,31.466823,74.374241,2025-07-16 05:25:30.609087576,2025-07-16 05:34:59.769352608,2025-07-16 07:22:49.466191260,8.78,9.49,Maintenance,True
INC-00686,2025-07-17 02:11:48,Vehicle Accident,4,Road Traffic,Station 21,E-08,Engine,31.555827,74.400485,2025-07-17 02:13:43.860760128,2025-07-17 02:20:53.807879838,2025-07-17 04:29:03.946060488,3.33,7.17,Available,True
INC-01064,2025-07-17 20:32:33,Vehicle Accident,5,Road Traffic,Station 21,E-08,Engine,31.555291,74.393078,2025-07-17 20:35:44.031491202,2025-07-17 20:44:23.148790068,2025-07-17 23:13:10.656413238,5.86,8.65,Available,True
INC-00269,2025-07-19 00:08:16,Vehicle Accident,3,Road Traffic,Station 12,R-02,Rescue,31.478983,74.366114,2025-07-19 00:11:18.041501109,2025-07-19 00:19:54.070700619,2025-07-19 01:50:45.762785817,9.86,8.6,Available,False
INC-01045,2025-07-19 18:08:16,Water Rescue,3,Water,Station 21,W-02,Water Rescue Unit,31.566371,74.388747,2025-07-19 18:10:14.660480824,2025-07-19 18:23:45.917876086,2025-07-19 19:33:12.762285310,12.49,13.52,Maintenance,True
INC-00806,2025-07-20 08:34:12,Medical Emergency,4,Medical,Station 07,E-08,Engine,31.53179,74.314709,2025-07-20 08:38:17.528085330,2025-07-20 08:44:20.301073650,2025-07-20 10:52:23.351854128,2.75,6.05,Available,False
INC-00223,2025-07-20 10:59:11,Medical Emergency,2,Medical,Station 12,R-02,Rescue,31.465994,74.39519,2025-07-20 11:00:49.908674048,2025-07-20 11:11:05.650734835,2025-07-20 12:16:08.940766003,9.23,10.26,Available,False
INC-00963,2025-07-20 20:08:14,High-Rise Rescue,5,High-Rise,Station 21,L-01,Ladder,31.56495,74.360962,2025-07-20 20:13:07.891875344,2025-07-20 20:31:07.891875344,2025-07-20 22:24:42.609390056,18.0,18.0,Available,True
INC-00402,2025-07-21 08:08:03,Confined Space,4,Confined Space,Station 07,R-03,Rescue,31.529921,74.333156,2025-07-21 08:10:30.629720586,2025-07-21 08:21:13.094096070,2025-07-21 09:52:19.445991732,4.22,10.71,Available,False
INC-00356,2025-07-22 03:09:52,Medical Emergency,4,Medical,Station 21,R-04,Rescue,31.562099,74.355735,2025-07-22 03:13:12.205005196,2025-07-22 03:19:22.094371894,2025-07-22 05:24:02.735804032,3.57,6.16,Available,False
INC-00479,2025-07-22 03:28:41,Structure Fire,5,Fire,Station 12,E-07,Engine,31.492886,74.332172,2025-07-22 03:31:50.559673694,2025-07-22 03:44:05.887439564,2025-07-22 05:23:14.737160642,13.33,12.26,Available,True
INC-00675,2025-07-22 12:49:23,Water Rescue,3,Water,Station 21,R-01,Rescue,31.574498,74.42391,2025-07-22 12:51:18.553917458,2025-07-22 12:57:37.145644676,2025-07-22 14:52:33.888435668,4.14,6.31,Available,False
INC-00639,2025-07-23 00:35:37,Structure Fire,3,Fire,Station 07,L-02,Ladder,31.547015,74.364448,2025-07-23 00:36:16.240109200,2025-07-23 00:43:48.658839945,2025-07-23 02:37:28.381314075,2.83,7.54,Dispatched,False
INC-00797,2025-07-23 07:05:10,Structure Fire,5,Fire,Station 03,R-01,Rescue,31.54316,74.348142,2025-07-23 07:07:18.610358218,2025-07-23 07:18:02.590315450,2025-07-23 09:40:27.757385614,8.83,10.73,Available,False
INC-00381,2025-07-23 08:19:47,Medical Emergency,3,Medical,Station 03,R-01,Rescue,31.538072,74.333006,2025-07-23 08:21:40.561217870,2025-07-23 08:27:16.818583736,2025-07-23 10:08:28.022795042,3.96,5.6,Available,False
INC-00892,2025-07-23 16:24:28,Structure Fire,5,Fire,Station 07,R-01,Rescue,31.540477,74.328548,2025-07-23 16:26:14.538966742,2025-07-23 16:38:11.895192538,2025-07-23 18:17:36.836727742,11.49,11.96,Available,True
INC-00340,2025-07-23 17:43:52,Medical Emergency,3,Medical,Station 03,R-02,Rescue,31.529983,74.372308,2025-07-23 17:46:12.423241384,2025-07-23 17:52:10.563922462,2025-07-23 19:40:34.145705950,5.16,5.97,Available,True
INC-01020,2025-07-23 22:38:59,Confined Space,5,Confined Space,Station 12,E-01,Engine,31.487451,74.385228,2025-07-23 22:41:42.893735036,2025-07-23 22:51:44.391616028,2025-07-24 00:36:23.892406790,3.93,10.02,Available,True
INC-00757,2025-07-24 13:52:16,Hazmat,5,Chemical,Station 07,H-01,Hazmat Unit,31.546697,74.314745,2025-07-24 13:53:14.819745418,2025-07-24 13:59:05.753205646,2025-07-24 16:39:12.611585974,2.47,5.85,Available,True
INC-00198,2025-07-25 10:46:04,Medical Emergency,4,Medical,Station 03,R-03,Rescue,31.520364,74.346583,2025-07-25 10:48:07.184977402,2025-07-25 10:57:30.385428850,2025-07-25 13:03:04.254440895,5.65,9.39,Available,False
INC-00150,2025-07-25 17:02:03,Structure Fire,3,Fire,Station 03,L-03,Ladder,31.517202,74.386094,2025-07-25 17:04:56.667131634,2025-07-25 17:11:45.494951808,2025-07-25 18:13:11.784751146,4.29,6.81,Available,True
INC-00560,2025-07-25 19:24:22,Medical Emergency,3,Medical,Station 03,R-04,Rescue,31.517318,74.335536,2025-07-25 19:27:24.769701838,2025-07-25 19:36:42.594657544,2025-07-25 20:53:12.425209780,7.57,9.3,Available,True
INC-00786,2025-07-26 05:04:34,Confined Space,3,Confined Space,Station 03,R-02,Rescue,31.508499,74.361617,2025-07-26 05:07:08.425823548,2025-07-26 05:13:03.901628704,2025-07-26 07:15:06.382440700,5.12,5.92,Available,False
INC-00097,2025-07-26 07:06:53,Medical Emergency,5,Medical,Station 07,E-01,Engine,31.533715,74.312744,2025-07-26 07:10:12.694669358,2025-07-26 07:18:16.310159960,2025-07-26 09:35:55.088981276,5.92,8.06,Available,False
INC-01015,2025-07-26 18:22:37,Vehicle Accident,5,Road Traffic,Station 03,E-02,Engine,31.519364,74.329017,2025-07-26 18:26:48.259279186,2025-07-26 18:37:35.099887048,2025-07-26 20:59:58.361639890,6.47,10.78,Maintenance,True
INC-00492,2025-07-26 23:25:50,Confined Space,4,Confined Space,Station 03,R-04,Rescue,31.536182,74.352568,2025-07-26 23:28:53.421889028,2025-07-26 23:38:00.846486206,2025-07-27 01:33:49.831553234,5.6,9.12,Available,False
INC-00647,2025-07-27 00:01:33,Water Rescue,2,Water,Station 03,W-01,Water Rescue Unit,31.522462,74.381455,2025-07-27 00:03:13.228909626,2025-07-27 00:08:19.169580600,2025-07-27 01:21:18.833005788,3.04,5.1,Available,True
INC-00976,2025-07-27 00:46:45,Hazmat,5,Chemical,Station 07,R-01,Rescue,31.504878,74.330756,2025-07-27 00:48:10.393148610,2025-07-27 00:57:21.866954016,2025-07-27 03:10:12.428955822,5.58,9.19,Available,True
INC-00528,2025-07-27 18:03:58,Vehicle Accident,2,Road Traffic,Station 03,R-01,Rescue,31.528274,74.356953,2025-07-27 18:07:44.694319264,2025-07-27 18:15:59.538860746,2025-07-27 19:16:31.220326954,8.71,8.25,Available,True
INC-00965,2025-07-27 19:34:25,Medical Emergency,2,Medical,Station 21,R-03,Rescue,31.547924,74.377253,2025-07-27 19:37:27.690889780,2025-07-27 19:50:15.580862074,2025-07-27 21:41:36.032565220,12.25,12.8,Available,True
INC-01028,2025-07-27 22:01:43,Medical Emergency,3,Medical,Station 12,R-01,Rescue,31.469034,74.4027,2025-07-27 22:03:42.306231532,2025-07-27 22:13:15.991134550,2025-07-27 23:59:11.293157008,5.7,9.56,Available,False
INC-00568,2025-07-28 18:26:42,Medical Emergency,5,Medical,Station 03,E-07,Engine,31.494638,74.372579,2025-07-28 18:29:42.099522360,2025-07-28 18:42:20.030943210,2025-07-28 21:02:29.505949926,9.63,12.63,Available,True
INC-00095,2025-07-28 21:35:57,Structure Fire,3,Fire,Station 03,R-01,Rescue,31.514084,74.367622,2025-07-28 21:39:18.172452942,2025-07-28 21:49:46.876439238,2025-07-28 23:11:44.575567710,5.75,10.48,Dispatched,True
INC-01082,2025-07-29 04:28:52,Medical Emergency,4,Medical,Station 12,R-02,Rescue,31.491251,74.385332,2025-07-29 04:32:56.802189994,2025-07-29 04:41:08.972150134,2025-07-29 06:28:48.162678520,6.13,8.2,Available,True
INC-00999,2025-07-29 11:58:19,Vehicle Accident,5,Road Traffic,Station 12,E-02,Engine,31.482887,74.400567,2025-07-29 12:02:06.034490464,2025-07-29 12:11:03.870771178,2025-07-29 14:24:20.138366037,8.84,8.96,Available,True
INC-00819,2025-07-29 14:26:53,High-Rise Rescue,3,High-Rise,Station 21,E-02,Engine,31.547412,74.399271,2025-07-29 14:29:39.707841608,2025-07-29 14:37:16.702079426,2025-07-29 15:51:39.881420906,5.97,7.62,Available,True
INC-01075,2025-07-29 20:10:54,Water Rescue,3,Water,Station 07,W-02,Water Rescue Unit,31.539218,74.348365,2025-07-29 20:13:48.171811830,2025-07-29 20:26:17.322054270,2025-07-29 22:05:57.186613260,12.9,12.49,Available,True
INC-00748,2025-07-29 20:52:27,Hazmat,4,Chemical,Station 03,R-01,Rescue,31.562756,74.349185,2025-07-29 20:55:32.734760142,2025-07-29 21:04:22.746466788,2025-07-29 22:56:35.190265632,6.29,8.83,Available,True
INC-00253,2025-07-30 04:51:06,Vehicle Accident,4,Road Traffic,Station 12,E-01,Engine,31.488611,74.389638,2025-07-30 04:52:59.949597714,2025-07-30 05:00:32.731806234,2025-07-30 06:46:18.516470730,3.56,7.55,Available,True
INC-00123,2025-07-30 16:18:08,Hazmat,4,Chemical,Station 21,H-01,Hazmat Unit,31.587823,74.40835,2025-07-30 16:21:05.664820844,2025-07-30 16:28:17.784969842,2025-07-30 17:42:53.050023050,5.37,7.2,Available,False
INC-00259,2025-07-31 11:56:32,Medical Emergency,3,Medical,Station 07,E-08,Engine,31.551669,74.32843,2025-07-31 11:58:31.442375786,2025-07-31 12:06:50.481909380,2025-07-31 13:31:55.239816584,5.71,8.32,Dispatched,False
INC-00128,2025-07-31 14:13:20,Vehicle Accident,3,Road Traffic,Station 21,E-05,Engine,31.544362,74.353108,2025-07-31 14:15:27.601721912,2025-07-31 14:22:22.405097588,2025-07-31 16:44:09.714204620,5.2,6.91,Available,True
INC-00425,2025-07-31 19:01:57,Medical Emergency,2,Medical,Station 03,E-05,Engine,31.495497,74.318505,2025-07-31 19:04:52.600718622,2025-07-31 19:20:31.798278612,2025-07-31 20:41:05.456666010,16.89,15.65,Available,False
INC-00896,2025-07-31 22:40:53,Medical Emergency,2,Medical,Station 12,R-02,Rescue,31.498303,74.386157,2025-07-31 22:42:43.992466394,2025-07-31 22:52:49.025263346,2025-08-01 00:05:37.601900816,6.4,10.08,Available,True
INC-00286,2025-08-01 06:09:05,Medical Emergency,2,Medical,Station 12,E-01,Engine,31.513501,74.3922,2025-08-01 06:10:25.643549810,2025-08-01 06:20:13.160779304,2025-08-01 07:30:53.321776952,6.06,9.79,Available,True
INC-00215,2025-08-01 09:59:33,Water Rescue,4,Water,Station 21,R-04,Rescue,31.571366,74.42771,2025-08-01 10:01:34.612636332,2025-08-01 10:11:20.760448338,2025-08-01 11:59:48.269562048,6.88,9.77,Available,True
INC-00372,2025-08-01 10:59:35,Vehicle Accident,4,Road Traffic,Station 03,E-06,Engine,31.532366,74.408759,2025-08-01 11:03:13.122784364,2025-08-01 11:12:26.556367454,2025-08-01 13:35:47.645278256,5.49,9.22,Available,True
INC-00664,2025-08-01 13:47:24,Medical Emergency,4,Medical,Station 21,R-01,Rescue,31.522902,74.393937,2025-08-01 13:49:51.889635354,2025-08-01 13:58:45.653464584,2025-08-01 16:07:59.539324944,4.74,8.9,Available,True
INC-00323,2025-08-01 18:53:54,Medical Emergency,3,Medical,Station 07,E-08,Engine,31.553701,74.345005,2025-08-01 18:56:34.657685562,2025-08-01 19:10:38.209179366,2025-08-01 21:10:47.548262136,15.49,14.06,Maintenance,True
INC-00409,2025-08-02 22:45:39,Vehicle Accident,3,Road Traffic,Station 12,E-05,Engine,31.486105,74.383428,2025-08-02 22:47:45.369106662,2025-08-02 22:56:47.822830332,2025-08-03 00:17:30.738044562,5.48,9.04,Available,True
INC-00558,2025-08-03 11:11:39,Vehicle Accident,4,Road Traffic,Station 03,E-06,Engine,31.537207,74.40108,2025-08-03 11:12:21.716304906,2025-08-03 11:19:34.297674474,2025-08-03 13:04:01.225051266,3.49,7.21,Available,True
INC-00020,2025-08-03 15:08:27,Medical Emergency,2,Medical,Station 21,E-04,Engine,31.54491,74.404263,2025-08-03 15:11:06.068035350,2025-08-03 15:20:22.462339859,2025-08-03 16:42:06.246459467,9.15,9.27,Dispatched,True
INC-00115,2025-08-03 15:20:56,Vehicle Accident,4,Road Traffic,Station 12,R-02,Rescue,31.499971,74.368573,2025-08-03 15:22:23.531664626,2025-08-03 15:32:05.069888174,2025-08-03 17:07:04.306282772,8.87,9.69,Available,True
INC-00065,2025-08-04 07:28:01,Confined Space,4,Confined Space,Station 03,R-02,Rescue,31.503284,74.341263,2025-08-04 07:30:44.613541750,2025-08-04 07:46:46.056271030,2025-08-04 09:27:16.022578906,18.0,16.02,Available,True
INC-00895,2025-08-04 15:46:23,Structure Fire,5,Fire,Station 07,E-05,Engine,31.543832,74.384169,2025-08-04 15:49:05.925670460,2025-08-04 15:56:05.473545830,2025-08-04 18:12:46.192542296,6.49,6.99,Available,True
INC-00888,2025-08-04 20:10:19,Medical Emergency,1,Medical,Station 03,R-04,Rescue,31.502365,74.340061,2025-08-04 20:13:14.078016520,2025-08-04 20:21:27.276836158,2025-08-04 20:58:04.957603606,6.12,8.22,Dispatched,False
INC-00307,2025-08-05 08:27:27,Vehicle Accident,3,Road Traffic,Station 12,E-07,Engine,31.490708,74.348965,2025-08-05 08:29:43.406062650,2025-08-05 08:38:09.940176852,2025-08-05 10:26:16.890652518,7.11,8.44,Available,True
INC-01122,2025-08-05 18:06:23,Confined Space,3,Confined Space,Station 03,E-08,Engine,31.551708,74.345682,2025-08-05 18:09:47.921880368,2025-08-05 18:22:45.488304272,2025-08-05 19:57:12.992378534,10.76,12.96,Dispatched,False
INC-00045,2025-08-05 19:12:50,Medical Emergency,3,Medical,Station 21,E-01,Engine,31.551289,74.407609,2025-08-05 19:15:36.815483444,2025-08-05 19:29:07.718544572,2025-08-05 20:39:16.559431496,10.71,13.52,Available,True
INC-00555,2025-08-06 03:53:24,Water Rescue,4,Water,Station 21,W-01,Water Rescue Unit,31.558285,74.383393,2025-08-06 03:55:07.064680536,2025-08-06 04:04:15.878508696,2025-08-06 05:38:52.162663110,4.02,9.15,Dispatched,False
INC-00760,2025-08-06 10:00:51,High-Rise Rescue,3,High-Rise,Station 03,R-04,Rescue,31.520174,74.382356,2025-08-06 10:02:43.590141666,2025-08-06 10:10:59.624417483,2025-08-06 11:56:58.649090909,6.59,8.27,Available,True
INC-00397,2025-08-07 11:40:37,Vehicle Accident,3,Road Traffic,Station 21,R-02,Rescue,31.554586,74.395401,2025-08-07 11:42:23.615723938,2025-08-07 11:54:04.167037726,2025-08-07 13:38:21.879983644,12.65,11.68,Available,True
INC-00140,2025-08-07 14:23:54,Structure Fire,5,Fire,Station 07,R-03,Rescue,31.529458,74.351848,2025-08-07 14:26:24.074912166,2025-08-07 14:35:31.476729276,2025-08-07 17:07:28.414582092,4.59,9.12,Available,True
INC-00907,2025-08-07 15:46:48,Structure Fire,5,Fire,Station 07,R-04,Rescue,31.543588,74.32227,2025-08-07 15:49:05.664979512,2025-08-07 15:53:43.606025760,2025-08-07 17:54:25.949824392,2.05,4.63,Available,False
INC-00163,2025-08-07 17:41:46,Hazmat,5,Chemical,Station 12,R-02,Rescue,31.494051,74.380725,2025-08-07 17:44:12.434494618,2025-08-07 17:49:33.633515092,2025-08-07 20:25:58.873492762,4.19,5.35,Available,True
INC-00621,2025-08-08 05:33:03,Vehicle Accident,3,Road Traffic,Station 03,E-05,Engine,31.530027,74.34798,2025-08-08 05:35:37.256536080,2025-08-08 05:44:08.337952985,2025-08-08 07:56:54.052605323,5.46,8.52,Available,True
INC-00474,2025-08-08 19:39:43,Medical Emergency,3,Medical,Station 03,E-02,Engine,31.534002,74.359609,2025-08-08 19:41:57.438541198,2025-08-08 19:51:12.916863544,2025-08-08 21:34:43.303524424,4.8,9.26,Available,True
INC-00130,2025-08-09 00:02:15,Medical Emergency,4,Medical,Station 07,R-03,Rescue,31.538034,74.338423,2025-08-09 00:04:37.593045252,2025-08-09 00:12:31.013942646,2025-08-09 01:54:03.156220848,5.3,7.89,Available,True
INC-00142,2025-08-09 00:16:41,Structure Fire,5,Fire,Station 12,R-03,Rescue,31.484631,74.351365,2025-08-09 00:20:19.784358500,2025-08-09 00:27:18.623479220,2025-08-09 02:23:10.372066364,5.65,6.98,Available,False
INC-00092,2025-08-09 19:04:11,Hazmat,4,Chemical,Station 03,H-02,Hazmat Unit,31.527194,74.358527,2025-08-09 19:06:36.863521658,2025-08-09 19:15:13.018271870,2025-08-09 21:26:06.357683084,5.11,8.6,Available,True
INC-00084,2025-08-09 20:43:49,Water Rescue,3,Water,Station 07,W-01,Water Rescue Unit,31.532341,74.334402,2025-08-09 20:46:50.437138936,2025-08-09 20:56:04.292812834,2025-08-09 22:38:21.468002577,5.62,9.23,Dispatched,False
INC-01002,2025-08-10 04:15:33,Medical Emergency,4,Medical,Station 07,R-04,Rescue,31.547947,74.311795,2025-08-10 04:17:09.714062508,2025-08-10 04:25:37.886933670,2025-08-10 06:56:46.072698096,6.17,8.47,Available,True
INC-00880,2025-08-10 19:28:48,Hazmat,4,Chemical,Station 07,H-02,Hazmat Unit,31.555216,74.339017,2025-08-10 19:32:18.098297093,2025-08-10 19:41:43.929764279,2025-08-10 21:32:39.002726489,7.1,9.43,Available,True
INC-00435,2025-08-11 14:53:20,Vehicle Accident,4,Road Traffic,Station 12,E-03,Engine,31.4771,74.350949,2025-08-11 14:55:24.814845638,2025-08-11 15:05:08.400445562,2025-08-11 16:19:54.143027624,7.07,9.73,Available,True
INC-00358,2025-08-11 19:03:25,Structure Fire,4,Fire,Station 03,R-02,Rescue,31.497958,74.400648,2025-08-11 19:05:58.767149620,2025-08-11 19:15:36.452650594,2025-08-11 21:02:17.450268292,4.14,9.63,Dispatched,True
INC-00959,2025-08-12 01:41:37,Medical Emergency,1,Medical,Station 07,E-01,Engine,31.539842,74.371568,2025-08-12 01:45:36.692402740,2025-08-12 01:55:22.145120158,2025-08-12 03:24:28.740159808,6.66,9.76,Available,False
INC-01070,2025-08-12 23:13:55,Medical Emergency,4,Medical,Station 03,R-01,Rescue,31.540512,74.383173,2025-08-12 23:16:13.191445138,2025-08-12 23:20:15.857774596,2025-08-13 01:37:12.719831170,3.37,4.04,Available,True
INC-00305,2025-08-13 22:09:14,Medical Emergency,1,Medical,Station 07,E-05,Engine,31.539906,74.35657,2025-08-13 22:11:41.547527576,2025-08-13 22:20:57.782336138,2025-08-13 23:36:50.426708582,6.73,9.27,Available,True
INC-00094,2025-08-13 22:48:41,Medical Emergency,2,Medical,Station 12,R-03,Rescue,31.491294,74.366485,2025-08-13 22:51:43.792809356,2025-08-13 23:02:09.746295500,2025-08-14 00:43:57.278753840,8.03,10.43,Available,True
INC-00505,2025-08-14 03:43:24,Confined Space,3,Confined Space,Station 12,R-04,Rescue,31.469567,74.362867,2025-08-14 03:46:26.895747312,2025-08-14 03:53:30.857476812,2025-08-14 05:36:06.639334572,6.73,7.07,Available,True
INC-01034,2025-08-14 14:38:50,Hazmat,4,Chemical,Station 03,E-05,Engine,31.489108,74.35045,2025-08-14 14:41:55.685795828,2025-08-14 14:54:54.944950190,2025-08-14 17:07:52.370511638,13.54,12.99,Dispatched,True
INC-00448,2025-08-14 17:57:19,Water Rescue,4,Water,Station 21,W-02,Water Rescue Unit,31.541775,74.37406,2025-08-14 17:57:58.228970014,2025-08-14 18:06:12.464054806,2025-08-14 20:44:50.044814848,7.26,8.24,Available,True
INC-00753,2025-08-14 19:51:52,Medical Emergency,5,Medical,Station 07,E-07,Engine,31.54483,74.315546,2025-08-14 19:56:17.129271106,2025-08-14 20:06:05.333361490,2025-08-14 22:16:52.822488418,7.36,9.8,Available,False
INC-00066,2025-08-14 23:01:39,Vehicle Accident,4,Road Traffic,Station 21,E-08,Engine,31.551781,74.417129,2025-08-14 23:05:03.179822274,2025-08-14 23:14:17.249113872,2025-08-15 01:08:21.592361850,7.21,9.23,Available,True
INC-00326,2025-08-15 01:43:59,High-Rise Rescue,5,High-Rise,Station 21,E-07,Engine,31.573816,74.381452,2025-08-15 01:44:29.000000000,2025-08-15 01:49:54.812404766,2025-08-15 04:43:52.614285596,4.93,5.43,Dispatched,True
INC-00393,2025-08-15 13:58:23,Water Rescue,3,Water,Station 03,W-02,Water Rescue Unit,31.532207,74.367364,2025-08-15 13:59:52.704553046,2025-08-15 14:04:38.778407414,2025-08-15 15:40:29.456591066,2.38,4.77,Available,False
INC-00719,2025-08-17 00:01:53,Vehicle Accident,3,Road Traffic,Station 07,E-07,Engine,31.517393,74.325149,2025-08-17 00:04:11.321393054,2025-08-17 00:10:10.269682526,2025-08-17 02:22:57.851263172,5.04,5.98,Available,True
INC-00278,2025-08-17 20:29:41,Medical Emergency,4,Medical,Station 03,R-02,Rescue,31.567766,74.329512,2025-08-17 20:32:28.577137070,2025-08-17 20:44:25.579489274,2025-08-17 22:32:40.783975826,6.57,11.95,Available,True
INC-01019,2025-08-18 06:29:32,Vehicle Accident,4,Road Traffic,Station 12,R-04,Rescue,31.485039,74.384002,2025-08-18 06:32:26.219322500,2025-08-18 06:42:47.128375670,2025-08-18 08:32:00.216352118,8.06,10.35,Available,True
INC-00569,2025-08-18 12:46:46,Water Rescue,3,Water,Station 03,R-04,Rescue,31.510446,74.398891,2025-08-18 12:47:59.032964938,2025-08-18 12:51:10.843725934,2025-08-18 14:49:44.321200792,1.63,3.2,Available,True
INC-00966,2025-08-18 19:56:57,Hazmat,4,Chemical,Station 07,E-05,Engine,31.519318,74.337961,2025-08-18 20:00:18.891645366,2025-08-18 20:11:44.528004048,2025-08-18 21:45:58.895522820,7.11,11.43,Dispatched,True
INC-00587,2025-08-19 23:06:01,High-Rise Rescue,4,High-Rise,Station 12,L-03,Ladder,31.495272,74.356886,2025-08-19 23:08:07.967774086,2025-08-19 23:20:02.165762782,2025-08-20 00:59:16.160179978,11.46,11.9,Available,True
INC-00537,2025-08-20 16:13:12,Medical Emergency,3,Medical,Station 03,E-02,Engine,31.55347,74.308928,2025-08-20 16:14:58.318240110,2025-08-20 16:21:24.256051494,2025-08-20 18:02:01.518268674,5.2,6.43,Maintenance,True
INC-00042,2025-08-21 02:15:25,Medical Emergency,3,Medical,Station 03,R-04,Rescue,31.539411,74.37835,2025-08-21 02:16:33.318662554,2025-08-21 02:26:08.916850366,2025-08-21 04:11:10.803413668,8.25,9.59,Available,True
INC-00506,2025-08-21 07:53:26,Water Rescue,2,Water,Station 03,R-02,Rescue,31.491488,74.383492,2025-08-21 07:56:23.077607342,2025-08-21 08:04:50.136049562,2025-08-21 09:42:12.324489038,5.52,8.45,Available,True
INC-00955,2025-08-21 12:06:05,Vehicle Accident,3,Road Traffic,Station 12,R-02,Rescue,31.479715,74.329352,2025-08-21 12:08:37.914206744,2025-08-21 12:14:35.315254526,2025-08-21 14:05:25.632939806,2.17,5.96,Available,False
INC-01031,2025-08-21 18:40:33,Structure Fire,4,Fire,Station 03,L-02,Ladder,31.522026,74.352681,2025-08-21 18:43:52.156591890,2025-08-21 18:58:46.852264338,2025-08-21 21:01:56.844043626,12.85,14.91,Available,False
INC-00711,2025-08-21 23:53:33,Hazmat,5,Chemical,Station 03,H-02,Hazmat Unit,31.501208,74.365196,2025-08-21 23:56:41.963366226,2025-08-22 00:06:53.408617170,2025-08-22 01:56:40.773069636,9.56,10.19,Available,True
INC-00264,2025-08-22 01:40:27,Hazmat,4,Chemical,Station 03,H-01,Hazmat Unit,31.556813,74.346167,2025-08-22 01:42:24.398185800,2025-08-22 01:49:31.478403546,2025-08-22 04:24:33.878843952,4.14,7.12,Dispatched,True
INC-00535,2025-08-22 06:06:13,Structure Fire,5,Fire,Station 12,L-03,Ladder,31.476674,74.387397,2025-08-22 06:08:14.271132412,2025-08-22 06:15:43.981976704,2025-08-22 08:23:21.775722118,7.09,7.5,Available,False
INC-00059,2025-08-22 08:47:55,Medical Emergency,3,Medical,Station 03,R-02,Rescue,31.532881,74.370123,2025-08-22 08:49:54.477957946,2025-08-22 09:00:37.463162722,2025-08-22 10:31:16.246439974,7.84,10.72,Available,True
INC-00058,2025-08-22 17:24:40,Structure Fire,4,Fire,Station 07,L-03,Ladder,31.540347,74.342913,2025-08-22 17:26:09.496594906,2025-08-22 17:38:22.544741374,2025-08-22 19:33:31.780483600,10.7,12.22,Available,True
INC-00431,2025-08-22 23:30:34,Water Rescue,4,Water,Station 03,W-01,Water Rescue Unit,31.509073,74.358673,2025-08-22 23:33:51.747251422,2025-08-22 23:40:28.826924620,2025-08-23 01:39:14.382773650,4.23,6.62,Maintenance,True
INC-00336,2025-08-23 01:23:12,Confined Space,4,Confined Space,Station 12,R-02,Rescue,31.52112,74.339043,2025-08-23 01:24:10.754256444,2025-08-23 01:30:33.041571108,2025-08-23 03:21:40.213085220,4.2,6.37,Available,True
INC-01085,2025-08-23 06:22:47,Confined Space,5,Confined Space,Station 03,E-07,Engine,31.526266,74.331131,2025-08-23 06:24:50.463115160,2025-08-23 06:30:37.706290370,2025-08-23 09:08:07.243223846,5.45,5.79,Available,False
INC-00970,2025-08-23 06:40:58,Vehicle Accident,3,Road Traffic,Station 12,R-04,Rescue,31.51643,74.362778,2025-08-23 06:42:10.722715426,2025-08-23 06:47:33.933165232,2025-08-23 07:59:14.321613424,3.46,5.39,Available,True
INC-01057,2025-08-23 07:29:42,Structure Fire,4,Fire,Station 12,E-07,Engine,31.492432,74.37461,2025-08-23 07:32:21.201882930,2025-08-23 07:39:59.887926126,2025-08-23 09:41:32.426387262,4.18,7.64,Available,True
INC-00643,2025-08-23 17:17:26,Medical Emergency,3,Medical,Station 21,E-08,Engine,31.573359,74.384438,2025-08-23 17:19:53.241364532,2025-08-23 17:29:11.223380186,2025-08-23 19:12:10.708207610,7.12,9.3,Available,True
INC-00350,2025-08-23 17:48:09,Medical Emergency,2,Medical,Station 07,E-06,Engine,31.558453,74.349763,2025-08-23 17:48:39.000000000,2025-08-23 17:57:27.754575384,2025-08-23 18:48:59.831396442,6.15,8.81,Dispatched,True
INC-00227,2025-08-24 09:28:56,Structure Fire,4,Fire,Station 21,E-03,Engine,31.535317,74.392747,2025-08-24 09:31:45.124010582,2025-08-24 09:44:17.611215943,2025-08-24 11:28:26.685903607,8.03,12.54,Available,True
INC-00161,2025-08-24 20:58:15,Structure Fire,4,Fire,Station 12,R-03,Rescue,31.511911,74.37294,2025-08-24 21:01:17.736524022,2025-08-24 21:10:38.004485934,2025-08-24 22:00:19.649382132,5.63,9.34,Available,True
INC-00776,2025-08-25 02:19:57,Water Rescue,4,Water,Station 07,R-01,Rescue,31.524292,74.350597,2025-08-25 02:22:50.912657928,2025-08-25 02:32:00.023383914,2025-08-25 04:31:36.526312926,6.25,9.15,Available,False
INC-00371,2025-08-25 17:02:11,Medical Emergency,3,Medical,Station 12,E-03,Engine,31.495765,74.383416,2025-08-25 17:03:01.174273898,2025-08-25 17:11:35.386781642,2025-08-25 18:44:48.823772618,7.26,8.57,Available,True
INC-00859,2025-08-25 20:05:17,High-Rise Rescue,4,High-Rise,Station 03,R-02,Rescue,31.524635,74.353274,2025-08-25 20:08:28.614343346,2025-08-25 20:15:23.576068082,2025-08-25 22:08:45.263479016,4.04,6.92,Available,True
INC-00881,2025-08-25 22:26:32,Hazmat,3,Chemical,Station 12,E-02,Engine,31.504041,74.38674,2025-08-25 22:28:28.321239500,2025-08-25 22:37:12.565656608,2025-08-26 00:29:09.635753882,7.92,8.74,Available,False
INC-00156,2025-08-26 13:16:45,Vehicle Accident,4,Road Traffic,Station 03,E-06,Engine,31.507175,74.350318,2025-08-26 13:18:49.668141474,2025-08-26 13:29:59.595456318,2025-08-26 14:45:27.004512636,9.87,11.17,Available,True
INC-00096,2025-08-26 19:22:11,Structure Fire,3,Fire,Station 12,E-05,Engine,31.467036,74.351283,2025-08-26 19:24:48.028586282,2025-08-26 19:37:32.815878206,2025-08-26 21:42:21.517621442,13.88,12.75,Dispatched,True
INC-00277,2025-08-26 23:08:11,Structure Fire,4,Fire,Station 03,L-01,Ladder,31.514018,74.341104,2025-08-26 23:11:02.605116938,2025-08-26 23:18:45.152783744,2025-08-27 00:45:29.614662536,2.71,7.71,Available,True
INC-00439,2025-08-27 05:45:04,Vehicle Accident,3,Road Traffic,Station 12,E-07,Engine,31.485903,74.391882,2025-08-27 05:47:20.945995156,2025-08-27 05:52:06.757720714,2025-08-27 07:14:29.745092686,3.97,4.76,Available,True
INC-00563,2025-08-27 22:38:36,Medical Emergency,2,Medical,Station 07,E-06,Engine,31.556023,74.309396,2025-08-27 22:43:33.804149958,2025-08-27 22:52:29.908872714,2025-08-28 00:33:39.086505816,6.81,8.94,Available,True
INC-00324,2025-08-28 06:47:26,Water Rescue,4,Water,Station 03,W-02,Water Rescue Unit,31.529949,74.341706,2025-08-28 06:50:13.750080518,2025-08-28 07:04:42.422161178,2025-08-28 09:26:23.725713494,13.53,14.48,Dispatched,False
INC-00085,2025-08-28 10:30:13,Medical Emergency,2,Medical,Station 21,R-02,Rescue,31.525648,74.396171,2025-08-28 10:34:14.692329574,2025-08-28 10:45:47.956155736,2025-08-28 11:56:23.125354288,8.68,11.55,Available,False
INC-00740,2025-08-29 03:06:57,Medical Emergency,3,Medical,Station 07,E-01,Engine,31.545779,74.369215,2025-08-29 03:09:45.353748408,2025-08-29 03:17:37.150283178,2025-08-29 04:17:48.249512040,7.45,7.86,Available,True
INC-00947,2025-08-29 14:28:48,Medical Emergency,2,Medical,Station 07,R-04,Rescue,31.536896,74.318587,2025-08-29 14:31:32.875385112,2025-08-29 14:36:41.796520164,2025-08-29 15:32:07.000197168,4.5,5.15,Available,True
INC-00884,2025-08-29 21:18:29,Water Rescue,4,Water,Station 07,R-01,Rescue,31.52219,74.385133,2025-08-29 21:22:51.340221914,2025-08-29 21:30:42.893159102,2025-08-29 23:24:13.293612686,3.3,7.86,Available,True
INC-00945,2025-08-29 21:56:32,Medical Emergency,3,Medical,Station 03,E-04,Engine,31.527171,74.394556,2025-08-29 21:59:33.534700268,2025-08-29 22:08:39.939357158,2025-08-30 00:19:42.243200306,5.71,9.11,Available,True
INC-00447,2025-08-29 23:03:12,Vehicle Accident,5,Road Traffic,Station 12,R-01,Rescue,31.473753,74.361918,2025-08-29 23:06:40.377009966,2025-08-29 23:14:49.413896916,2025-08-30 01:22:36.084395220,4.58,8.15,Available,True
INC-00070,2025-08-30 03:08:54,Medical Emergency,1,Medical,Station 03,E-03,Engine,31.537164,74.352885,2025-08-30 03:10:41.852668824,2025-08-30 03:17:17.271342588,2025-08-30 04:38:54.946347792,3.38,6.59,Available,True
INC-00599,2025-08-30 04:56:14,Water Rescue,3,Water,Station 21,R-01,Rescue,31.534405,74.427146,2025-08-30 04:58:58.134864200,2025-08-30 05:14:14.071988060,2025-08-30 07:10:36.385083128,18.0,15.27,Available,True
INC-00437,2025-08-30 16:03:58,Medical Emergency,2,Medical,Station 07,R-01,Rescue,31.542612,74.313672,2025-08-30 16:04:53.424422014,2025-08-30 16:18:52.624399066,2025-08-30 17:49:29.823598054,12.99,13.99,Available,False
INC-00744,2025-08-30 21:24:39,Medical Emergency,3,Medical,Station 07,R-02,Rescue,31.507764,74.355174,2025-08-30 21:26:56.980186476,2025-08-30 21:38:28.416580554,2025-08-30 23:11:14.906002608,8.96,11.52,Dispatched,True
INC-00384,2025-08-30 22:01:55,Medical Emergency,2,Medical,Station 03,E-01,Engine,31.507822,74.339191,2025-08-30 22:05:46.228493128,2025-08-30 22:13:48.221713180,2025-08-30 23:17:31.104440428,4.6,8.03,Dispatched,False
INC-00157,2025-08-31 03:07:03,Medical Emergency,3,Medical,Station 07,E-02,Engine,31.524989,74.330787,2025-08-31 03:09:43.917379818,2025-08-31 03:13:08.710777044,2025-08-31 04:36:28.362502572,2.34,3.41,Available,False
INC-00557,2025-08-31 18:16:11,Vehicle Accident,4,Road Traffic,Station 21,R-03,Rescue,31.553166,74.419869,2025-08-31 18:18:14.418348602,2025-08-31 18:30:44.430252494,2025-08-31 20:12:19.907407628,5.35,12.5,Available,True
INC-00808,2025-09-01 04:00:22,Vehicle Accident,3,Road Traffic,Station 12,R-02,Rescue,31.488559,74.376349,2025-09-01 04:01:41.340647740,2025-09-01 04:11:32.851704868,2025-09-01 05:30:18.548828338,7.55,9.86,Available,True
INC-00777,2025-09-01 07:50:54,Structure Fire,4,Fire,Station 21,L-02,Ladder,31.551002,74.398715,2025-09-01 07:52:54.454285176,2025-09-01 08:01:07.054642536,2025-09-01 09:51:16.616209578,7.51,8.21,Dispatched,False
INC-00543,2025-09-01 08:52:09,Vehicle Accident,4,Road Traffic,Station 03,R-01,Rescue,31.52506,74.360262,2025-09-01 08:55:12.865535381,2025-09-01 09:02:08.260030439,2025-09-01 11:12:23.593210613,3.98,6.92,Available,True
INC-00764,2025-09-01 11:49:14,High-Rise Rescue,5,High-Rise,Station 03,L-03,Ladder,31.535862,74.347659,2025-09-01 11:51:39.877100612,2025-09-01 12:02:06.078891014,2025-09-01 14:09:52.485466976,9.37,10.44,Available,True
INC-01078,2025-09-01 12:58:30,Hazmat,3,Chemical,Station 12,E-05,Engine,31.519847,74.344449,2025-09-01 13:00:01.284827034,2025-09-01 13:06:18.330657432,2025-09-01 14:38:21.282984852,4.93,6.28,Available,True
INC-00225,2025-09-01 14:28:06,Medical Emergency,3,Medical,Station 03,R-04,Rescue,31.50498,74.356584,2025-09-01 14:30:42.978259926,2025-09-01 14:38:07.924745766,2025-09-01 15:52:31.088074734,5.89,7.42,Dispatched,True
INC-00005,2025-09-02 00:03:08,Medical Emergency,2,Medical,Station 07,R-01,Rescue,31.55928,74.353637,2025-09-02 00:06:47.914643228,2025-09-02 00:16:42.168963098,2025-09-02 01:31:29.666606906,5.9,9.9,Available,True
INC-00390,2025-09-02 06:26:32,Vehicle Accident,3,Road Traffic,Station 07,E-02,Engine,31.534928,74.343789,2025-09-02 06:29:12.883381106,2025-09-02 06:34:28.402670024,2025-09-02 08:30:50.785359536,4.84,5.26,Dispatched,True
INC-00325,2025-09-02 09:00:03,Structure Fire,3,Fire,Station 07,E-02,Engine,31.550045,74.346118,2025-09-02 09:02:28.070725638,2025-09-02 09:14:48.764405844,2025-09-02 09:59:27.110177988,10.52,12.34,Maintenance,False
INC-00498,2025-09-02 13:32:23,Medical Emergency,4,Medical,Station 12,E-07,Engine,31.478763,74.372713,2025-09-02 13:35:15.121635566,2025-09-02 13:40:26.967696164,2025-09-02 15:15:13.180213544,3.65,5.2,Available,False
INC-00383,2025-09-02 20:39:03,Vehicle Accident,4,Road Traffic,Station 03,R-02,Rescue,31.540002,74.346869,2025-09-02 20:41:51.902204892,2025-09-02 20:50:39.667321098,2025-09-02 22:52:15.380675286,5.94,8.8,Available,True
INC-00607,2025-09-02 21:32:28,Medical Emergency,4,Medical,Station 12,E-01,Engine,31.496865,74.377015,2025-09-02 21:35:39.700129558,2025-09-02 21:47:33.739328398,2025-09-02 23:43:41.315136466,10.66,11.9,Dispatched,True
INC-00661,2025-09-02 22:32:32,Structure Fire,5,Fire,Station 12,R-02,Rescue,31.480154,74.351748,2025-09-02 22:36:14.454669104,2025-09-02 22:44:50.726571038,2025-09-03 00:58:51.993287504,8.18,8.6,Dispatched,True
INC-00883,2025-09-03 04:50:40,Structure Fire,3,Fire,Station 03,R-04,Rescue,31.494163,74.372895,2025-09-03 04:52:59.054381260,2025-09-03 05:01:51.485735764,2025-09-03 06:57:40.732488424,8.97,8.87,Dispatched,True
INC-00247,2025-09-03 08:54:56,Confined Space,4,Confined Space,Station 03,R-01,Rescue,31.519542,74.364613,2025-09-03 08:56:57.236897720,2025-09-03 09:12:02.610891380,2025-09-03 11:13:21.695536010,14.15,15.09,Available,True
INC-00014,2025-09-03 22:41:27,Medical Emergency,3,Medical,Station 03,R-04,Rescue,31.53055,74.360435,2025-09-03 22:44:09.320719170,2025-09-03 22:54:51.658441428,2025-09-04 00:32:04.409135778,6.17,10.71,Available,False
INC-00317,2025-09-04 08:04:35,Structure Fire,4,Fire,Station 03,R-02,Rescue,31.518318,74.378703,2025-09-04 08:07:46.154418848,2025-09-04 08:23:17.455986529,2025-09-04 10:04:24.150646309,15.26,15.52,Available,False
INC-00948,2025-09-04 09:35:48,Confined Space,3,Confined Space,Station 03,R-04,Rescue,31.525842,74.362772,2025-09-04 09:37:32.059955598,2025-09-04 09:48:54.169838592,2025-09-04 11:06:52.981390878,12.82,11.37,Available,True
INC-00375,2025-09-04 10:38:24,High-Rise Rescue,4,High-Rise,Station 03,E-06,Engine,31.539385,74.352784,2025-09-04 10:40:47.617246854,2025-09-04 10:49:13.899610944,2025-09-04 13:00:32.900161062,6.87,8.44,Maintenance,True
INC-00016,2025-09-04 12:54:45,Vehicle Accident,3,Road Traffic,Station 03,E-01,Engine,31.524028,74.340952,2025-09-04 12:57:51.944608590,2025-09-04 13:03:46.091209758,2025-09-04 14:54:46.213455774,4.4,5.9,Available,True
INC-00207,2025-09-05 02:58:29,Vehicle Accident,2,Road Traffic,Station 07,E-02,Engine,31.538223,74.320135,2025-09-05 03:01:07.728771290,2025-09-05 03:09:14.768301188,2025-09-05 04:45:55.525789886,7.9,8.12,Available,True
INC-00974,2025-09-06 19:20:23,Vehicle Accident,2,Road Traffic,Station 03,E-02,Engine,31.50641,74.348688,2025-09-06 19:24:14.169003938,2025-09-06 19:35:16.058328092,2025-09-06 21:20:59.368741556,9.08,11.03,Available,False
INC-00038,2025-09-06 19:49:15,Medical Emergency,4,Medical,Station 12,R-03,Rescue,31.472535,74.38697,2025-09-06 19:53:18.829776467,2025-09-06 20:01:47.793382415,2025-09-06 21:44:52.573917755,6.68,8.48,Available,False
INC-00106,2025-09-07 10:29:59,Medical Emergency,3,Medical,Station 07,R-03,Rescue,31.535381,74.343312,2025-09-07 10:33:33.211400684,2025-09-07 10:42:43.036136534,2025-09-07 12:17:13.688984155,11.1,9.16,Available,True
INC-01038,2025-09-08 03:12:53,High-Rise Rescue,4,High-Rise,Station 07,L-02,Ladder,31.547817,74.307349,2025-09-08 03:15:29.714741948,2025-09-08 03:23:24.449368466,2025-09-08 05:20:13.583119610,5.02,7.91,Available,False
INC-00468,2025-09-08 05:30:27,Structure Fire,5,Fire,Station 07,L-02,Ladder,31.538409,74.321341,2025-09-08 05:32:55.439500584,2025-09-08 05:38:59.680679046,2025-09-08 07:33:55.255580082,3.45,6.07,Dispatched,True
INC-00951,2025-09-08 17:20:27,Vehicle Accident,3,Road Traffic,Station 03,R-02,Rescue,31.490307,74.394389,2025-09-08 17:22:40.774440984,2025-09-08 17:30:47.502092790,2025-09-08 18:40:18.508955442,9.85,8.11,Available,True
INC-00367,2025-09-08 19:18:42,Structure Fire,4,Fire,Station 12,R-03,Rescue,31.502713,74.373888,2025-09-08 19:21:36.278674794,2025-09-08 19:28:35.169268002,2025-09-08 21:13:38.597603994,4.77,6.98,Available,True
INC-01044,2025-09-08 19:21:28,Structure Fire,4,Fire,Station 21,R-04,Rescue,31.554367,74.380598,2025-09-08 19:25:01.952801703,2025-09-08 19:39:22.836320703,2025-09-08 21:34:33.545900091,11.55,14.35,Available,True
INC-00997,2025-09-08 20:46:46,Medical Emergency,2,Medical,Station 03,E-01,Engine,31.554529,74.347901,2025-09-08 20:49:13.345658290,2025-09-08 21:02:30.813603124,2025-09-08 22:32:12.396960004,9.85,13.29,Available,False
INC-00899,2025-09-09 04:43:39,Vehicle Accident,3,Road Traffic,Station 07,E-02,Engine,31.515734,74.354047,2025-09-09 04:45:26.511173472,2025-09-09 04:51:50.063659908,2025-09-09 06:14:24.532675860,4.06,6.39,Available,True
INC-00847,2025-09-09 08:16:59,Structure Fire,4,Fire,Station 07,L-03,Ladder,31.516889,74.35404,2025-09-09 08:19:21.127914230,2025-09-09 08:34:26.741527358,2025-09-09 10:06:36.135094490,13.85,15.09,Available,True
INC-00267,2025-09-09 14:00:33,Structure Fire,3,Fire,Station 03,E-06,Engine,31.506356,74.355464,2025-09-09 14:02:53.385326508,2025-09-09 14:08:47.073158226,2025-09-09 15:44:17.520991548,5.34,5.89,Available,True
INC-00391,2025-09-09 14:42:36,Structure Fire,5,Fire,Station 12,E-01,Engine,31.481435,74.376292,2025-09-09 14:44:40.392399384,2025-09-09 14:53:54.225455868,2025-09-09 17:45:50.235890922,6.4,9.23,Available,True
INC-01068,2025-09-09 18:17:22,Confined Space,5,Confined Space,Station 07,E-08,Engine,31.519695,74.294686,2025-09-09 18:20:47.355142450,2025-09-09 18:34:20.910966891,2025-09-09 20:35:43.539112437,8.12,13.56,Available,True
INC-00073,2025-09-10 00:38:31,Medical Emergency,3,Medical,Station 21,R-04,Rescue,31.562969,74.374245,2025-09-10 00:39:51.822949798,2025-09-10 00:52:20.904865180,2025-09-10 03:06:00.894511510,11.22,12.48,Available,False
INC-00287,2025-09-10 10:00:11,Medical Emergency,3,Medical,Station 03,R-03,Rescue,31.538323,74.396048,2025-09-10 10:00:41.000000000,2025-09-10 10:06:09.623586644,2025-09-10 11:59:08.008993322,4.41,5.48,Available,True
INC-00737,2025-09-10 18:56:34,Confined Space,3,Confined Space,Station 07,E-04,Engine,31.538906,74.29664,2025-09-10 19:00:07.681127044,2025-09-10 19:09:07.274341306,2025-09-10 20:07:50.112380716,4.29,8.99,Available,True
INC-00407,2025-09-10 21:16:04,Hazmat,4,Chemical,Station 07,H-01,Hazmat Unit,31.505024,74.356056,2025-09-10 21:19:55.770892930,2025-09-10 21:27:41.906136214,2025-09-10 23:49:55.806654838,7.01,7.77,Available,False
INC-00387,2025-09-11 06:53:35,Medical Emergency,2,Medical,Station 07,R-04,Rescue,31.545313,74.339885,2025-09-11 06:54:58.500797444,2025-09-11 07:01:40.295829014,2025-09-11 08:47:09.874602914,6.08,6.7,Available,True
INC-00922,2025-09-11 11:19:59,Medical Emergency,2,Medical,Station 07,R-03,Rescue,31.571076,74.323891,2025-09-11 11:23:10.272825812,2025-09-11 11:31:37.181022872,2025-09-11 12:38:37.131948794,8.11,8.45,Available,True
INC-00566,2025-09-11 17:11:57,Medical Emergency,2,Medical,Station 21,R-02,Rescue,31.53814,74.371546,2025-09-11 17:13:15.244086924,2025-09-11 17:21:02.247660234,2025-09-11 19:05:08.803793076,5.04,7.78,Available,True
INC-00849,2025-09-11 17:53:22,Medical Emergency,2,Medical,Station 03,R-03,Rescue,31.505054,74.352971,2025-09-11 17:56:27.772620184,2025-09-11 18:02:27.927147790,2025-09-11 19:29:26.340197620,4.09,6.0,Available,True
INC-00964,2025-09-12 05:18:16,Structure Fire,3,Fire,Station 03,L-02,Ladder,31.514479,74.348906,2025-09-12 05:19:57.569926780,2025-09-12 05:26:37.279855498,2025-09-12 07:53:53.763218055,2.86,6.66,Available,True
INC-00204,2025-09-12 06:59:18,Vehicle Accident,4,Road Traffic,Station 12,R-04,Rescue,31.500266,74.392823,2025-09-12 07:02:02.641457700,2025-09-12 07:13:07.001017860,2025-09-12 09:02:26.060610792,7.81,11.07,Available,False
INC-00905,2025-09-12 14:50:32,Structure Fire,5,Fire,Station 03,R-02,Rescue,31.516143,74.367406,2025-09-12 14:51:44.777236196,2025-09-12 14:59:30.955770644,2025-09-12 17:12:07.679267396,6.08,7.77,Available,False
INC-00682,2025-09-12 21:48:16,Medical Emergency,2,Medical,Station 03,R-01,Rescue,31.524979,74.375503,2025-09-12 21:51:35.281812346,2025-09-12 22:01:17.805643924,2025-09-12 23:11:28.906165996,5.05,9.71,Available,True
INC-00338,2025-09-12 22:57:31,Medical Emergency,3,Medical,Station 12,E-05,Engine,31.493885,74.370092,2025-09-12 23:01:28.400739886,2025-09-12 23:16:40.360884262,2025-09-13 01:09:43.450637008,15.78,15.2,Available,True
INC-00109,2025-09-13 03:26:36,Confined Space,5,Confined Space,Station 21,E-08,Engine,31.57251,74.378386,2025-09-13 03:29:35.096478018,2025-09-13 03:36:50.389717745,2025-09-13 05:52:47.787834977,7.04,7.25,Dispatched,True
INC-01050,2025-09-13 08:58:54,Medical Emergency,3,Medical,Station 12,E-05,Engine,31.478108,74.357989,2025-09-13 09:00:37.907138892,2025-09-13 09:09:43.256201580,2025-09-13 11:27:53.768649132,8.49,9.09,Available,True
INC-00187,2025-09-13 10:35:11,Structure Fire,4,Fire,Station 12,R-03,Rescue,31.497427,74.319248,2025-09-13 10:37:55.270993694,2025-09-13 10:49:41.663849090,2025-09-13 13:02:09.405876386,10.16,11.77,Maintenance,True
INC-00783,2025-09-14 11:25:03,Vehicle Accident,4,Road Traffic,Station 21,E-04,Engine,31.554454,74.37873,2025-09-14 11:26:43.019077002,2025-09-14 11:34:56.607718548,2025-09-14 13:18:17.771974320,6.05,8.23,Available,True
INC-01011,2025-09-14 12:50:24,Hazmat,4,Chemical,Station 03,R-02,Rescue,31.534744,74.351666,2025-09-14 12:53:55.191128706,2025-09-14 12:59:26.359191702,2025-09-14 14:53:27.418619844,3.53,5.52,Available,True
INC-00676,2025-09-14 14:07:19,Hazmat,5,Chemical,Station 03,E-04,Engine,31.510249,74.372782,2025-09-14 14:09:11.847473410,2025-09-14 14:15:21.263155156,2025-09-14 16:01:34.665453112,4.63,6.16,Available,False
INC-00170,2025-09-14 16:40:34,Hazmat,5,Chemical,Station 07,E-07,Engine,31.545362,74.320927,2025-09-14 16:44:13.906129066,2025-09-14 16:50:26.135479210,2025-09-14 19:20:07.001725216,3.59,6.2,Dispatched,True
INC-00087,2025-09-14 20:25:25,Vehicle Accident,4,Road Traffic,Station 21,E-08,Engine,31.579081,74.391563,2025-09-14 20:28:29.447307190,2025-09-14 20:39:19.360631218,2025-09-14 22:39:48.840009232,5.21,10.83,Dispatched,False
INC-00514,2025-09-15 17:46:46,Water Rescue,5,Water,Station 03,R-02,Rescue,31.508603,74.361605,2025-09-15 17:50:20.104073500,2025-09-15 18:02:11.136214900,2025-09-15 20:18:19.794755032,12.98,11.85,Available,True
INC-00054,2025-09-15 20:02:16,Medical Emergency,4,Medical,Station 03,E-01,Engine,31.521247,74.391374,2025-09-15 20:06:42.727787308,2025-09-15 20:19:34.213465618,2025-09-15 22:26:51.557919292,11.82,12.86,Available,False
INC-00284,2025-09-15 20:12:02,Medical Emergency,4,Medical,Station 12,R-04,Rescue,31.486723,74.375804,2025-09-15 20:15:03.828798266,2025-09-15 20:26:58.157445668,2025-09-15 22:29:55.917522320,6.86,11.91,Available,False
INC-00114,2025-09-16 00:53:45,Hazmat,4,Chemical,Station 21,R-04,Rescue,31.55273,74.381534,2025-09-16 00:56:17.520073338,2025-09-16 01:01:07.073676822,2025-09-16 03:11:53.596822848,4.05,4.83,Available,False
INC-00926,2025-09-16 04:09:59,Structure Fire,3,Fire,Station 12,R-01,Rescue,31.514523,74.356552,2025-09-16 04:12:00.254756834,2025-09-16 04:17:57.389282534,2025-09-16 05:52:15.370287290,5.17,5.95,Available,True
INC-00086,2025-09-16 12:13:55,Medical Emergency,2,Medical,Station 12,E-03,Engine,31.484044,74.379765,2025-09-16 12:16:28.000587628,2025-09-16 12:23:15.006164254,2025-09-16 13:24:58.585263226,4.93,6.78,Available,True
INC-00580,2025-09-16 20:29:50,Hazmat,3,Chemical,Station 12,R-02,Rescue,31.508299,74.353576,2025-09-16 20:32:59.709086126,2025-09-16 20:40:19.508320286,2025-09-16 22:23:50.909901703,5.51,7.33,Available,True
INC-00280,2025-09-16 22:32:04,Hazmat,3,Chemical,Station 03,R-03,Rescue,31.525783,74.360689,2025-09-16 22:33:19.505179576,2025-09-16 22:39:27.245130111,2025-09-17 00:20:03.145108359,4.97,6.13,Dispatched,True
INC-00103,2025-09-16 22:53:47,Structure Fire,3,Fire,Station 12,R-04,Rescue,31.515059,74.381502,2025-09-16 22:58:19.403837713,2025-09-16 23:11:34.374280171,2025-09-17 01:12:03.977443441,12.11,13.25,Dispatched,True
INC-01120,2025-09-17 01:43:30,Medical Emergency,3,Medical,Station 07,R-04,Rescue,31.57128,74.357156,2025-09-17 01:46:40.340772966,2025-09-17 01:52:03.330446814,2025-09-17 03:28:35.411372472,2.54,5.38,Dispatched,True
INC-01013,2025-09-18 01:35:09,Vehicle Accident,3,Road Traffic,Station 21,R-02,Rescue,31.534087,74.386951,2025-09-18 01:37:51.354968592,2025-09-18 01:43:18.890250426,2025-09-18 03:42:09.822206418,4.22,5.46,Maintenance,True
INC-00234,2025-09-18 02:58:05,Medical Emergency,3,Medical,Station 12,R-03,Rescue,31.509488,74.38521,2025-09-18 02:58:35.000000000,2025-09-18 03:06:10.500059912,2025-09-18 04:20:16.403114420,2.26,7.59,Available,False
INC-00887,2025-09-18 04:42:33,Medical Emergency,3,Medical,Station 03,R-01,Rescue,31.516277,74.368321,2025-09-18 04:45:32.419679892,2025-09-18 04:57:22.267378236,2025-09-18 06:33:09.443499420,10.41,11.83,Available,True
INC-00449,2025-09-18 06:24:16,Vehicle Accident,3,Road Traffic,Station 03,R-02,Rescue,31.525521,74.301406,2025-09-18 06:26:18.364448524,2025-09-18 06:31:56.104056718,2025-09-18 08:01:42.802818292,5.97,5.63,Available,True
INC-00875,2025-09-18 16:03:24,Hazmat,4,Chemical,Station 07,R-01,Rescue,31.523426,74.323423,2025-09-18 16:05:28.541095866,2025-09-18 16:13:17.871016374,2025-09-18 19:02:05.981629680,5.94,7.82,Available,True
INC-00759,2025-09-19 02:19:41,Water Rescue,4,Water,Station 12,W-02,Water Rescue Unit,31.504697,74.388915,2025-09-19 02:23:33.723202238,2025-09-19 02:29:55.530836174,2025-09-19 04:23:27.682167590,4.35,6.36,Available,True
INC-00798,2025-09-19 21:41:00,Medical Emergency,1,Medical,Station 07,R-03,Rescue,31.528115,74.331768,2025-09-19 21:44:01.213195056,2025-09-19 21:57:39.698316366,2025-09-19 22:57:19.144894488,12.31,13.64,Available,False
INC-00540,2025-09-20 09:22:05,Water Rescue,3,Water,Station 07,W-01,Water Rescue Unit,31.536085,74.306755,2025-09-20 09:25:17.644426616,2025-09-20 09:32:20.887423202,2025-09-20 10:57:59.377506734,5.18,7.05,Available,True
INC-00541,2025-09-21 00:42:36,Structure Fire,4,Fire,Station 07,L-02,Ladder,31.529821,74.314878,2025-09-21 00:45:28.766361156,2025-09-21 00:55:24.345831996,2025-09-21 02:09:28.160713397,6.89,9.93,Dispatched,False
INC-00677,2025-09-21 03:12:11,Medical Emergency,2,Medical,Station 07,R-01,Rescue,31.52702,74.325612,2025-09-21 03:13:53.954105282,2025-09-21 03:19:09.980246324,2025-09-21 05:22:04.299514052,5.31,5.27,Available,True
INC-00778,2025-09-21 04:45:51,Medical Emergency,3,Medical,Station 12,R-02,Rescue,31.483256,74.381156,2025-09-21 04:48:41.497601118,2025-09-21 04:54:53.664072282,2025-09-21 06:22:35.319041544,4.56,6.2,Available,True
INC-00121,2025-09-22 13:22:22,Confined Space,3,Confined Space,Station 07,R-03,Rescue,31.520155,74.330848,2025-09-22 13:24:56.907961726,2025-09-22 13:29:43.618665826,2025-09-22 14:46:42.535803442,2.33,4.78,Dispatched,True
INC-00952,2025-09-23 02:05:35,Medical Emergency,3,Medical,Station 12,E-06,Engine,31.477068,74.376795,2025-09-23 02:07:52.844413292,2025-09-23 02:15:07.855886828,2025-09-23 04:18:46.791745592,3.13,7.25,Maintenance,True
INC-00175,2025-09-23 13:28:30,Water Rescue,3,Water,Station 07,R-04,Rescue,31.523321,74.312719,2025-09-23 13:30:57.091220196,2025-09-23 13:39:15.034395648,2025-09-23 14:56:41.024761464,7.19,8.3,Available,True
INC-01048,2025-09-23 17:02:38,Medical Emergency,3,Medical,Station 12,E-04,Engine,31.506266,74.353823,2025-09-23 17:06:05.153101616,2025-09-23 17:11:55.542790742,2025-09-23 18:58:47.723601782,4.74,5.84,Available,False
INC-00998,2025-09-23 19:39:49,Hazmat,4,Chemical,Station 21,R-03,Rescue,31.552765,74.363264,2025-09-23 19:43:36.349336852,2025-09-23 19:56:13.870545424,2025-09-23 21:22:25.982261866,12.16,12.63,Available,False
INC-00772,2025-09-23 21:48:59,Medical Emergency,2,Medical,Station 07,R-04,Rescue,31.567312,74.31251,2025-09-23 21:52:10.500017150,2025-09-23 22:01:25.884724976,2025-09-23 23:41:56.667891524,9.37,9.26,Available,True
INC-00202,2025-09-24 03:03:40,Vehicle Accident,4,Road Traffic,Station 03,E-06,Engine,31.492912,74.346184,2025-09-24 03:06:07.562697184,2025-09-24 03:16:54.478841992,2025-09-24 05:36:13.352708416,7.41,10.78,Available,True
INC-00678,2025-09-24 07:39:29,Structure Fire,3,Fire,Station 03,E-08,Engine,31.517503,74.359094,2025-09-24 07:42:19.521246800,2025-09-24 07:46:26.308167092,2025-09-24 09:33:04.491627026,2.08,4.11,Available,True
INC-00837,2025-09-24 10:41:25,Vehicle Accident,5,Road Traffic,Station 07,E-06,Engine,31.524704,74.329892,2025-09-24 10:43:48.843824176,2025-09-24 11:00:04.814787004,2025-09-24 12:29:18.124360618,18.0,16.27,Available,False
INC-00160,2025-09-24 11:04:11,Vehicle Accident,3,Road Traffic,Station 12,R-02,Rescue,31.481547,74.356612,2025-09-24 11:06:54.593224352,2025-09-24 11:18:10.828969496,2025-09-24 12:47:11.542142684,10.35,11.27,Available,False
INC-00081,2025-09-24 12:24:35,Structure Fire,3,Fire,Station 12,L-01,Ladder,31.489677,74.366048,2025-09-24 12:26:36.208224158,2025-09-24 12:30:40.741771646,2025-09-24 13:56:10.032059120,3.24,4.08,Maintenance,False
INC-00848,2025-09-25 05:29:02,Water Rescue,3,Water,Station 03,R-02,Rescue,31.482569,74.356045,2025-09-25 05:31:40.106384690,2025-09-25 05:35:33.244466966,2025-09-25 07:23:11.164036346,2.09,3.89,Dispatched,False
INC-00380,2025-09-25 09:03:03,Vehicle Accident,4,Road Traffic,Station 07,R-03,Rescue,31.538161,74.320315,2025-09-25 09:05:12.209806506,2025-09-25 09:11:50.976163350,2025-09-25 10:59:34.364971764,3.29,6.65,Dispatched,True
INC-00469,2025-09-25 18:13:18,Hazmat,5,Chemical,Station 07,R-03,Rescue,31.536779,74.320873,2025-09-25 18:19:01.121745144,2025-09-25 18:28:32.213294520,2025-09-25 20:50:50.841337770,4.51,9.52,Available,False
INC-00717,2025-09-25 22:56:57,Water Rescue,3,Water,Station 07,W-02,Water Rescue Unit,31.511477,74.315143,2025-09-25 23:00:43.627542138,2025-09-25 23:10:37.968386916,2025-09-26 00:17:20.587240560,6.78,9.91,Dispatched,False
INC-00258,2025-09-26 08:52:03,Medical Emergency,2,Medical,Station 03,R-02,Rescue,31.517435,74.35954,2025-09-26 08:55:28.181343078,2025-09-26 09:02:59.728622760,2025-09-26 10:25:10.693810134,4.24,7.53,Available,True
INC-00001,2025-09-26 12:36:44,Medical Emergency,2,Medical,Station 12,R-03,Rescue,31.479438,74.343129,2025-09-26 12:39:09.187686704,2025-09-26 12:47:40.143905858,2025-09-26 13:57:01.435050164,5.41,8.52,Dispatched,False
INC-00252,2025-09-26 22:01:50,Structure Fire,3,Fire,Station 07,E-02,Engine,31.519705,74.360941,2025-09-26 22:04:00.403516934,2025-09-26 22:13:13.181384294,2025-09-27 00:11:11.561259986,8.26,9.21,Available,False
INC-01117,2025-09-26 23:49:44,Structure Fire,5,Fire,Station 07,R-02,Rescue,31.524281,74.315375,2025-09-26 23:51:31.034996048,2025-09-26 23:58:19.958266358,2025-09-27 02:20:23.755420214,6.8,6.82,Dispatched,True
INC-00601,2025-09-27 01:11:59,Confined Space,3,Confined Space,Station 07,E-02,Engine,31.525101,74.341302,2025-09-27 01:13:17.603111582,2025-09-27 01:19:42.628500230,2025-09-27 03:05:18.497896892,6.72,6.42,Available,True
INC-00769,2025-09-27 06:07:56,Medical Emergency,4,Medical,Station 21,R-04,Rescue,31.52179,74.380497,2025-09-27 06:09:34.319650694,2025-09-27 06:14:03.090915020,2025-09-27 08:15:34.536389810,2.1,4.48,Available,True
INC-00637,2025-09-27 14:52:59,Medical Emergency,2,Medical,Station 07,R-01,Rescue,31.546092,74.333564,2025-09-27 14:53:31.061455916,2025-09-27 15:01:31.801442804,2025-09-27 16:45:41.263336706,4.33,8.01,Available,False
INC-00508,2025-09-27 17:20:34,Confined Space,3,Confined Space,Station 07,R-02,Rescue,31.550053,74.313486,2025-09-27 17:23:39.898821916,2025-09-27 17:30:19.635724786,2025-09-27 19:03:20.891791240,4.74,6.66,Available,False
INC-00476,2025-09-27 22:32:31,Medical Emergency,2,Medical,Station 07,R-01,Rescue,31.532288,74.283894,2025-09-27 22:34:53.551124458,2025-09-27 22:52:53.551124458,2025-09-27 23:58:30.473415160,16.89,18.0,Available,True
INC-00003,2025-09-27 23:57:30,Medical Emergency,2,Medical,Station 21,R-04,Rescue,31.508986,74.394845,2025-09-27 23:59:12.147719460,2025-09-28 00:07:49.714249602,2025-09-28 01:49:54.788060280,7.8,8.63,Available,True
INC-00910,2025-09-27 23:58:06,Vehicle Accident,3,Road Traffic,Station 21,E-07,Engine,31.571135,74.40546,2025-09-28 00:00:29.860088982,2025-09-28 00:06:30.221028276,2025-09-28 01:45:48.168397272,2.3,6.01,Available,True
INC-00365,2025-09-28 02:50:16,Vehicle Accident,5,Road Traffic,Station 12,R-03,Rescue,31.488878,74.382884,2025-09-28 02:51:48.424986220,2025-09-28 02:56:27.683866822,2025-09-28 04:26:01.638445222,2.2,4.65,Available,True
INC-00056,2025-09-29 01:02:09,Vehicle Accident,4,Road Traffic,Station 07,E-08,Engine,31.525774,74.314317,2025-09-29 01:05:00.438662070,2025-09-29 01:09:45.732011340,2025-09-29 03:40:12.724916472,3.07,4.75,Available,False
INC-00933,2025-09-29 05:07:19,Structure Fire,4,Fire,Station 12,L-01,Ladder,31.523937,74.409383,2025-09-29 05:10:15.818190352,2025-09-29 05:22:22.188516568,2025-09-29 07:27:45.325570060,12.52,12.11,Available,True
INC-00609,2025-09-29 07:45:04,Hazmat,3,Chemical,Station 03,H-01,Hazmat Unit,31.508177,74.391341,2025-09-29 07:47:18.492634108,2025-09-29 07:51:58.953967834,2025-09-29 09:19:37.980738094,5.32,4.67,Available,True
INC-00366,2025-09-29 09:31:14,Medical Emergency,3,Medical,Station 21,R-02,Rescue,31.563836,74.378257,2025-09-29 09:34:02.076438500,2025-09-29 09:39:01.774592372,2025-09-29 11:42:22.787862392,3.53,4.99,Available,True
INC-00226,2025-09-29 17:33:15,Medical Emergency,4,Medical,Station 03,R-01,Rescue,31.517842,74.391318,2025-09-29 17:35:38.558361834,2025-09-29 17:43:23.393672010,2025-09-29 19:46:50.616816498,4.65,7.75,Dispatched,True
INC-00208,2025-09-29 19:23:07,Structure Fire,4,Fire,Station 07,E-01,Engine,31.542966,74.297881,2025-09-29 19:24:50.448595630,2025-09-29 19:36:01.768596478,2025-09-29 21:17:51.679246846,9.01,11.19,Available,False
INC-00116,2025-09-30 00:03:07,Structure Fire,5,Fire,Station 12,R-03,Rescue,31.505441,74.387025,2025-09-30 00:04:36.112415512,2025-09-30 00:15:17.476433590,2025-09-30 02:28:05.409550642,10.73,10.69,Dispatched,True
INC-00413,2025-09-30 02:01:42,Structure Fire,3,Fire,Station 03,R-01,Rescue,31.55481,74.361313,2025-09-30 02:04:27.608126214,2025-09-30 02:10:50.671819524,2025-09-30 03:38:47.222469738,2.54,6.38,Available,True
INC-00801,2025-10-01 07:37:29,Medical Emergency,3,Medical,Station 21,R-03,Rescue,31.551399,74.393247,2025-10-01 07:40:22.472613224,2025-10-01 07:45:22.621981442,2025-10-01 09:34:06.324579662,3.29,5.0,Available,True
INC-00477,2025-10-01 09:00:01,Medical Emergency,3,Medical,Station 03,E-01,Engine,31.511271,74.361624,2025-10-01 09:04:03.858916354,2025-10-01 09:14:06.045886072,2025-10-01 10:45:33.341671552,7.8,10.04,Available,True
INC-00228,2025-10-01 13:53:42,Structure Fire,4,Fire,Station 03,L-01,Ladder,31.529367,74.386878,2025-10-01 13:57:09.882141786,2025-10-01 14:04:09.288155796,2025-10-01 15:47:09.826759974,5.39,6.99,Available,True
INC-00829,2025-10-02 02:04:12,Confined Space,3,Confined Space,Station 07,E-05,Engine,31.510164,74.330172,2025-10-02 02:06:35.040133740,2025-10-02 02:13:30.061244322,2025-10-02 04:08:21.974851998,8.79,6.92,Available,False
INC-00236,2025-10-02 03:22:27,Medical Emergency,5,Medical,Station 21,R-02,Rescue,31.59998,74.373032,2025-10-02 03:25:37.301160900,2025-10-02 03:32:24.051699588,2025-10-02 06:05:08.783127540,3.25,6.78,Available,True
INC-00401,2025-10-02 08:47:36,Medical Emergency,4,Medical,Station 07,E-08,Engine,31.543137,74.314296,2025-10-02 08:50:44.811560370,2025-10-02 09:03:58.643394510,2025-10-02 11:01:24.360080160,10.58,13.23,Available,False
INC-00131,2025-10-02 12:08:55,Hazmat,4,Chemical,Station 03,R-03,Rescue,31.53318,74.374696,2025-10-02 12:10:44.142567556,2025-10-02 12:16:22.872643354,2025-10-02 14:42:34.559270152,3.56,5.65,Available,True
INC-00936,2025-10-02 22:52:33,Hazmat,5,Chemical,Station 12,E-05,Engine,31.514816,74.339416,2025-10-02 22:56:55.051621476,2025-10-02 23:12:46.967688876,2025-10-03 01:20:51.344060484,16.25,15.87,Available,True
INC-00458,2025-10-02 23:04:27,Confined Space,3,Confined Space,Station 07,E-05,Engine,31.576278,74.332402,2025-10-02 23:07:06.456587856,2025-10-02 23:13:58.758207456,2025-10-03 00:56:30.674648142,3.0,6.87,Dispatched,True
INC-00752,2025-10-03 02:01:58,Confined Space,3,Confined Space,Station 07,R-01,Rescue,31.517405,74.347441,2025-10-03 02:03:49.989893584,2025-10-03 02:12:24.120299188,2025-10-03 03:56:00.805069306,5.25,8.57,Available,True
INC-00617,2025-10-03 06:34:30,Hazmat,4,Chemical,Station 12,E-05,Engine,31.496837,74.42314,2025-10-03 06:36:15.673518372,2025-10-03 06:43:17.752889892,2025-10-03 08:25:09.882555444,2.39,7.03,Dispatched,True
INC-00570,2025-10-03 10:10:47,Water Rescue,3,Water,Station 07,R-02,Rescue,31.565491,74.345629,2025-10-03 10:13:20.175292034,2025-10-03 10:24:35.660519990,2025-10-03 12:25:53.027556650,7.66,11.26,Available,True
INC-00619,2025-10-03 13:38:19,Medical Emergency,2,Medical,Station 12,R-02,Rescue,31.495097,74.346445,2025-10-03 13:39:15.703590958,2025-10-03 13:51:09.833258596,2025-10-03 14:50:21.796599742,9.72,11.9,Available,True
INC-01102,2025-10-03 22:23:46,Confined Space,5,Confined Space,Station 03,R-01,Rescue,31.511771,74.34626,2025-10-03 22:26:22.308612340,2025-10-03 22:41:28.375789732,2025-10-04 00:41:12.610799734,13.69,15.1,Available,True
INC-00200,2025-10-03 22:46:02,High-Rise Rescue,4,High-Rise,Station 03,L-01,Ladder,31.520303,74.363504,2025-10-03 22:49:54.430246334,2025-10-03 22:59:02.685153170,2025-10-04 00:28:46.317143288,9.42,9.14,Available,True
INC-00640,2025-10-03 23:42:17,Water Rescue,4,Water,Station 03,R-03,Rescue,31.505397,74.362693,2025-10-03 23:43:38.432974064,2025-10-03 23:48:05.398426208,2025-10-04 01:50:14.169351170,3.64,4.45,Available,True
INC-00271,2025-10-04 00:58:31,Medical Emergency,3,Medical,Station 03,R-01,Rescue,31.520355,74.34535,2025-10-04 01:00:31.286270632,2025-10-04 01:04:30.529473898,2025-10-04 02:42:05.136809170,2.71,3.99,Available,True
INC-00730,2025-10-04 14:45:29,Medical Emergency,1,Medical,Station 07,R-02,Rescue,31.537419,74.325058,2025-10-04 14:46:48.755262878,2025-10-04 14:52:22.306189532,2025-10-04 16:41:16.498995998,4.05,5.56,Available,True
INC-00992,2025-10-04 23:29:44,Structure Fire,5,Fire,Station 12,R-04,Rescue,31.489624,74.393383,2025-10-04 23:30:58.475468966,2025-10-04 23:39:02.749816388,2025-10-05 01:14:39.042404954,4.59,8.07,Available,True
INC-00921,2025-10-05 06:06:01,High-Rise Rescue,5,High-Rise,Station 12,L-02,Ladder,31.495239,74.391444,2025-10-05 06:08:30.345914332,2025-10-05 06:17:45.592879503,2025-10-05 08:39:54.753407775,7.63,9.25,Dispatched,True
INC-00012,2025-10-05 13:30:28,Structure Fire,4,Fire,Station 03,R-02,Rescue,31.504329,74.353659,2025-10-05 13:33:26.924312236,2025-10-05 13:40:41.405105758,2025-10-05 15:52:55.052904550,2.34,7.24,Available,True
INC-01073,2025-10-06 06:36:16,Water Rescue,5,Water,Station 21,W-01,Water Rescue Unit,31.562917,74.38647,2025-10-06 06:40:06.228870736,2025-10-06 06:45:16.023338776,2025-10-06 08:54:25.518393808,3.19,5.16,Available,True
INC-00351,2025-10-06 16:01:51,High-Rise Rescue,4,High-Rise,Station 21,E-08,Engine,31.60026,74.347607,2025-10-06 16:03:39.681413646,2025-10-06 16:12:31.865754936,2025-10-06 18:26:00.377292666,4.32,8.87,Available,True
INC-00735,2025-10-06 23:27:30,Hazmat,4,Chemical,Station 07,R-02,Rescue,31.562335,74.353352,2025-10-06 23:31:34.839791262,2025-10-06 23:35:59.224081908,2025-10-07 01:05:52.089076452,3.2,4.41,Available,True
INC-00929,2025-10-07 05:49:45,Medical Emergency,3,Medical,Station 03,R-02,Rescue,31.524999,74.339003,2025-10-07 05:51:40.563427518,2025-10-07 05:59:35.760108768,2025-10-07 07:34:14.166599652,6.23,7.92,Available,True
INC-01101,2025-10-07 15:44:10,Medical Emergency,2,Medical,Station 21,E-05,Engine,31.535623,74.408909,2025-10-07 15:47:16.924631974,2025-10-07 15:52:01.526462998,2025-10-07 16:55:15.626144062,2.14,4.74,Available,True
INC-00487,2025-10-07 23:30:39,Water Rescue,5,Water,Station 07,R-01,Rescue,31.543547,74.338707,2025-10-07 23:31:25.835914128,2025-10-07 23:41:58.496919702,2025-10-08 01:29:37.432412202,8.27,10.54,Available,True
INC-00272,2025-10-08 05:08:32,Water Rescue,4,Water,Station 12,W-01,Water Rescue Unit,31.510091,74.385091,2025-10-08 05:11:53.015422688,2025-10-08 05:21:37.790618000,2025-10-08 07:34:04.445223326,8.06,9.75,Available,True
INC-00939,2025-10-08 14:31:04,Medical Emergency,4,Medical,Station 21,E-07,Engine,31.5758,74.380414,2025-10-08 14:32:00.821249938,2025-10-08 14:39:28.706696902,2025-10-08 16:44:58.569060976,7.07,7.46,Available,True
INC-00139,2025-10-08 15:09:20,Water Rescue,3,Water,Station 21,W-02,Water Rescue Unit,31.563054,74.393881,2025-10-08 15:11:49.905018260,2025-10-08 15:21:20.584454642,2025-10-08 16:58:00.877574606,8.0,9.51,Available,True
INC-00318,2025-10-08 16:25:31,Vehicle Accident,3,Road Traffic,Station 12,R-02,Rescue,31.510513,74.360836,2025-10-08 16:27:47.836366576,2025-10-08 16:34:45.177056962,2025-10-08 17:51:52.521982588,3.23,6.96,Available,True
INC-00820,2025-10-09 04:37:32,Medical Emergency,3,Medical,Station 07,R-01,Rescue,31.526967,74.344343,2025-10-09 04:41:22.674623828,2025-10-09 04:47:43.349382914,2025-10-09 06:38:41.407636010,3.55,6.34,Available,False
INC-00180,2025-10-09 15:49:34,Medical Emergency,2,Medical,Station 07,R-02,Rescue,31.537588,74.362186,2025-10-09 15:51:15.945446500,2025-10-09 15:58:05.751794596,2025-10-09 16:26:06.428017024,6.8,6.83,Available,True
INC-00489,2025-10-10 07:08:05,Structure Fire,5,Fire,Station 12,R-04,Rescue,31.499633,74.380037,2025-10-10 07:11:32.222544692,2025-10-10 07:22:45.429994796,2025-10-10 09:19:14.659077962,10.86,11.22,Dispatched,False
INC-00319,2025-10-10 19:40:42,Structure Fire,3,Fire,Station 07,R-02,Rescue,31.522502,74.335985,2025-10-10 19:44:00.519628830,2025-10-10 19:53:09.408784350,2025-10-10 21:24:49.696767588,5.1,9.15,Available,True
INC-00559,2025-10-11 11:54:44,Hazmat,4,Chemical,Station 07,H-01,Hazmat Unit,31.511237,74.330589,2025-10-11 11:57:07.038301310,2025-10-11 12:04:03.470237684,2025-10-11 13:30:27.788863892,5.61,6.94,Available,True
INC-00463,2025-10-12 05:01:40,Vehicle Accident,3,Road Traffic,Station 07,R-02,Rescue,31.546652,74.345715,2025-10-12 05:04:17.053310302,2025-10-12 05:16:32.949533464,2025-10-12 07:16:28.336931734,11.8,12.26,Available,True
INC-00507,2025-10-12 06:15:53,High-Rise Rescue,4,High-Rise,Station 03,L-01,Ladder,31.502808,74.382043,2025-10-12 06:19:32.387055014,2025-10-12 06:26:27.830750180,2025-10-12 08:07:33.450272762,8.01,6.92,Dispatched,True
INC-01069,2025-10-12 09:39:10,Water Rescue,3,Water,Station 07,W-01,Water Rescue Unit,31.520317,74.339275,2025-10-12 09:42:02.502607528,2025-10-12 09:51:05.789029942,2025-10-12 11:33:02.738989438,7.12,9.05,Dispatched,True
INC-00110,2025-10-12 13:02:09,Medical Emergency,4,Medical,Station 12,R-03,Rescue,31.492121,74.376771,2025-10-12 13:04:48.482910630,2025-10-12 13:14:46.215522834,2025-10-12 15:57:41.085044214,9.4,9.96,Available,False
INC-00432,2025-10-13 18:35:13,Medical Emergency,2,Medical,Station 12,E-04,Engine,31.481104,74.392484,2025-10-13 18:38:39.721771132,2025-10-13 18:46:20.290672894,2025-10-13 20:06:40.630806418,4.32,7.68,Available,True
INC-00785,2025-10-14 15:52:36,Structure Fire,5,Fire,Station 03,L-02,Ladder,31.539043,74.349237,2025-10-14 15:55:50.070360726,2025-10-14 16:02:52.656432522,2025-10-14 17:50:15.252361770,6.4,7.04,Available,True
INC-01100,2025-10-14 20:37:03,Medical Emergency,1,Medical,Station 12,E-02,Engine,31.474873,74.381095,2025-10-14 20:39:44.275416792,2025-10-14 20:52:54.825007968,2025-10-14 21:42:47.034880548,7.7,13.18,Available,True
INC-00502,2025-10-15 14:57:57,Hazmat,5,Chemical,Station 12,R-03,Rescue,31.471688,74.402518,2025-10-15 15:00:11.217918270,2025-10-15 15:05:57.412840080,2025-10-15 17:53:40.001588418,2.95,5.77,Available,True
INC-00486,2025-10-16 00:10:25,Structure Fire,5,Fire,Station 12,R-02,Rescue,31.475376,74.386916,2025-10-16 00:13:30.732810400,2025-10-16 00:21:44.637961348,2025-10-16 02:55:06.739926832,4.96,8.23,Available,True
INC-00417,2025-10-16 17:55:44,Medical Emergency,4,Medical,Station 03,R-03,Rescue,31.506464,74.342331,2025-10-16 17:57:38.311152566,2025-10-16 18:08:24.242719268,2025-10-16 20:51:51.805570172,7.83,10.77,Available,True
INC-00049,2025-10-17 13:58:16,High-Rise Rescue,4,High-Rise,Station 12,E-07,Engine,31.490693,74.38037,2025-10-17 14:00:19.487426296,2025-10-17 14:07:12.611303416,2025-10-17 16:16:17.101954504,3.02,6.89,Dispatched,True
INC-00551,2025-10-17 22:21:30,Vehicle Accident,4,Road Traffic,Station 21,R-04,Rescue,31.567402,74.401497,2025-10-17 22:25:35.361445176,2025-10-17 22:35:26.582356518,2025-10-18 00:44:14.141909082,7.6,9.85,Available,True
INC-00995,2025-10-19 06:37:08,Confined Space,3,Confined Space,Station 07,E-07,Engine,31.548279,74.329208,2025-10-19 06:39:03.330044570,2025-10-19 06:48:17.174346554,2025-10-19 08:35:47.165154608,6.5,9.23,Available,False
INC-00628,2025-10-19 09:07:39,Structure Fire,4,Fire,Station 12,E-08,Engine,31.513784,74.347444,2025-10-19 09:10:07.577632818,2025-10-19 09:15:27.575102268,2025-10-19 11:50:20.320290492,2.51,5.33,Available,False
INC-00108,2025-10-19 12:57:51,Medical Emergency,1,Medical,Station 07,R-01,Rescue,31.561925,74.349861,2025-10-19 12:59:28.203206334,2025-10-19 13:04:45.543739140,2025-10-19 14:00:06.597236736,2.99,5.29,Available,True
INC-00977,2025-10-19 14:12:16,Water Rescue,4,Water,Station 12,R-01,Rescue,31.493428,74.331738,2025-10-19 14:15:04.785287536,2025-10-19 14:22:17.422670596,2025-10-19 16:22:55.614215692,3.11,7.21,Available,False
INC-00908,2025-10-19 21:05:52,Structure Fire,3,Fire,Station 07,R-04,Rescue,31.52783,74.288483,2025-10-19 21:10:00.000561346,2025-10-19 21:18:02.490823456,2025-10-19 23:11:48.144258724,7.1,8.04,Available,True
INC-00956,2025-10-20 16:30:26,Water Rescue,4,Water,Station 07,W-02,Water Rescue Unit,31.525235,74.306152,2025-10-20 16:33:14.543364374,2025-10-20 16:43:51.837557636,2025-10-20 18:40:13.578085124,9.78,10.62,Dispatched,True
INC-00462,2025-10-20 18:59:57,Structure Fire,4,Fire,Station 07,E-06,Engine,31.515377,74.324985,2025-10-20 19:03:15.568384482,2025-10-20 19:15:24.690956304,2025-10-20 21:00:46.924606344,7.14,12.15,Available,True
INC-00984,2025-10-20 20:04:14,Medical Emergency,2,Medical,Station 03,E-06,Engine,31.498172,74.353438,2025-10-20 20:07:42.660240830,2025-10-20 20:18:13.394860946,2025-10-20 21:36:20.414150522,6.36,10.51,Available,True
INC-01009,2025-10-21 03:51:37,Structure Fire,4,Fire,Station 03,E-02,Engine,31.549753,74.383592,2025-10-21 03:53:17.674675252,2025-10-21 03:59:20.472636508,2025-10-21 05:50:11.764794424,3.0,6.05,Available,True
INC-01076,2025-10-22 04:11:39,Water Rescue,3,Water,Station 12,R-01,Rescue,31.50718,74.360414,2025-10-22 04:13:39.708960294,2025-10-22 04:24:17.096607624,2025-10-22 05:55:30.525398526,8.49,10.62,Available,True
INC-00556,2025-10-22 04:21:15,Vehicle Accident,5,Road Traffic,Station 12,E-08,Engine,31.500422,74.365668,2025-10-22 04:23:18.431857878,2025-10-22 04:30:53.087565918,2025-10-22 06:19:57.387143028,5.6,7.58,Dispatched,False
INC-00626,2025-10-23 09:17:16,Structure Fire,5,Fire,Station 07,L-02,Ladder,31.51586,74.285785,2025-10-23 09:20:30.794821042,2025-10-23 09:30:25.575032788,2025-10-23 11:22:27.602087769,7.13,9.91,Available,False
INC-00504,2025-10-23 12:37:58,Medical Emergency,2,Medical,Station 07,R-03,Rescue,31.541526,74.351643,2025-10-23 12:40:55.526400652,2025-10-23 12:47:16.483978132,2025-10-23 13:31:44.603892928,6.41,6.35,Available,True
INC-00341,2025-10-23 14:35:29,High-Rise Rescue,4,High-Rise,Station 07,E-06,Engine,31.569728,74.32215,2025-10-23 14:38:56.030976482,2025-10-23 14:44:32.512502960,2025-10-23 16:39:50.401910534,4.29,5.61,Dispatched,False
INC-00379,2025-10-23 15:38:24,Medical Emergency,3,Medical,Station 12,E-05,Engine,31.451407,74.388217,2025-10-23 15:39:48.051503460,2025-10-23 15:45:34.306762776,2025-10-23 17:57:23.687087064,7.13,5.77,Dispatched,True
INC-00843,2025-10-23 20:06:04,Vehicle Accident,4,Road Traffic,Station 03,E-02,Engine,31.545344,74.390829,2025-10-23 20:09:45.962331910,2025-10-23 20:21:00.056783992,2025-10-23 21:56:20.948294794,10.0,11.23,Available,True
INC-00779,2025-10-24 04:42:27,Water Rescue,4,Water,Station 03,R-01,Rescue,31.521364,74.362533,2025-10-24 04:44:44.764819854,2025-10-24 04:53:33.988179534,2025-10-24 06:56:47.433954468,8.5,8.82,Available,True
INC-01030,2025-10-25 03:39:37,Medical Emergency,4,Medical,Station 07,R-01,Rescue,31.542889,74.361835,2025-10-25 03:41:21.880548532,2025-10-25 03:48:39.416164840,2025-10-25 05:26:25.349431372,5.08,7.29,Available,True
INC-00827,2025-10-25 06:12:17,Medical Emergency,3,Medical,Station 03,E-02,Engine,31.519097,74.345709,2025-10-25 06:14:47.631348632,2025-10-25 06:22:48.726225506,2025-10-25 07:20:21.523485127,5.11,8.02,Available,False
INC-00818,2025-10-25 08:34:14,Structure Fire,5,Fire,Station 12,L-01,Ladder,31.490164,74.379727,2025-10-25 08:38:07.438785434,2025-10-25 08:47:12.124779104,2025-10-25 11:15:24.256629944,5.43,9.08,Available,False
INC-00051,2025-10-25 09:13:22,Vehicle Accident,3,Road Traffic,Station 12,R-02,Rescue,31.475182,74.381487,2025-10-25 09:16:33.488609836,2025-10-25 09:27:50.812213756,2025-10-25 11:21:36.942506854,10.31,11.29,Available,True
INC-00614,2025-10-25 12:51:16,Structure Fire,4,Fire,Station 21,R-04,Rescue,31.555333,74.360666,2025-10-25 12:53:42.472189678,2025-10-25 12:59:47.687561422,2025-10-25 15:30:06.231425218,3.78,6.09,Available,False
INC-01097,2025-10-26 13:11:25,Medical Emergency,3,Medical,Station 03,R-04,Rescue,31.543106,74.35215,2025-10-26 13:14:24.714133012,2025-10-26 13:21:49.539876022,2025-10-26 15:00:34.459974862,3.59,7.41,Available,True
INC-01090,2025-10-26 19:07:03,High-Rise Rescue,4,High-Rise,Station 21,E-07,Engine,31.556087,74.411471,2025-10-26 19:10:48.936697518,2025-10-26 19:23:57.467714394,2025-10-26 21:16:25.128830940,11.99,13.14,Available,True
INC-01103,2025-10-26 22:17:18,Vehicle Accident,3,Road Traffic,Station 07,E-07,Engine,31.551367,74.348755,2025-10-26 22:21:04.962885066,2025-10-26 22:29:19.279488522,2025-10-27 00:10:38.106067620,5.19,8.24,Dispatched,True
INC-01110,2025-10-26 23:47:01,Vehicle Accident,3,Road Traffic,Station 03,R-03,Rescue,31.484208,74.352601,2025-10-26 23:50:11.433837928,2025-10-26 23:54:20.089514212,2025-10-27 01:29:36.801697461,3.1,4.14,Available,True
INC-00378,2025-10-27 00:07:38,Medical Emergency,3,Medical,Station 12,R-02,Rescue,31.493533,74.366269,2025-10-27 00:10:31.615360280,2025-10-27 00:16:44.214431804,2025-10-27 01:32:48.983918822,4.1,6.21,Available,True
INC-00290,2025-10-27 03:51:33,Vehicle Accident,2,Road Traffic,Station 12,E-06,Engine,31.46356,74.385631,2025-10-27 03:52:54.560571564,2025-10-27 04:03:19.174781550,2025-10-27 05:22:09.378419322,11.16,10.41,Available,False
INC-00733,2025-10-27 06:28:39,Structure Fire,5,Fire,Station 21,R-02,Rescue,31.557014,74.393395,2025-10-27 06:29:11.319326592,2025-10-27 06:34:12.150018954,2025-10-27 08:06:18.893838468,2.64,5.01,Available,True
INC-00823,2025-10-27 14:00:40,High-Rise Rescue,5,High-Rise,Station 03,L-01,Ladder,31.502825,74.381367,2025-10-27 14:03:54.748253692,2025-10-27 14:12:05.442429322,2025-10-27 16:44:58.911750412,4.49,8.18,Available,True
INC-00176,2025-10-29 15:47:25,Medical Emergency,3,Medical,Station 12,R-04,Rescue,31.496784,74.365187,2025-10-29 15:50:16.005294586,2025-10-29 15:56:20.614141036,2025-10-29 17:37:57.457921744,4.61,6.08,Available,True
INC-00373,2025-10-29 18:32:21,Structure Fire,5,Fire,Station 12,L-02,Ladder,31.507716,74.369853,2025-10-29 18:36:06.289666680,2025-10-29 18:47:33.013935930,2025-10-29 21:24:20.245211130,8.92,11.45,Available,True
INC-00562,2025-10-30 12:22:29,Water Rescue,3,Water,Station 21,R-04,Rescue,31.553018,74.41066,2025-10-30 12:24:36.801239132,2025-10-30 12:31:21.734853146,2025-10-30 14:50:09.282836888,7.49,6.75,Dispatched,True
INC-00547,2025-10-31 03:25:39,Vehicle Accident,4,Road Traffic,Station 07,R-03,Rescue,31.527819,74.322742,2025-10-31 03:29:34.649563944,2025-10-31 03:41:23.129202450,2025-10-31 05:31:33.746917050,12.38,11.81,Dispatched,True
INC-00149,2025-10-31 18:15:35,High-Rise Rescue,3,High-Rise,Station 21,L-03,Ladder,31.553877,74.361126,2025-10-31 18:19:40.859526380,2025-10-31 18:30:18.387363260,2025-10-31 20:11:40.368344732,8.79,10.63,Available,True
INC-00454,2025-11-01 08:49:49,Water Rescue,3,Water,Station 21,R-03,Rescue,31.557914,74.377369,2025-11-01 08:53:42.633787270,2025-11-01 09:04:43.300593208,2025-11-01 10:37:31.408634842,10.51,11.01,Available,True
INC-00578,2025-11-01 09:51:12,Vehicle Accident,3,Road Traffic,Station 03,R-04,Rescue,31.493288,74.390795,2025-11-01 09:53:13.692855144,2025-11-01 09:59:00.110083686,2025-11-01 11:47:18.380902920,2.97,5.77,Available,True
INC-00010,2025-11-01 10:04:58,Medical Emergency,4,Medical,Station 12,R-02,Rescue,31.489066,74.354091,2025-11-01 10:08:01.359017368,2025-11-01 10:16:24.300449926,2025-11-01 12:52:34.369671136,3.64,8.38,Available,True
INC-00736,2025-11-01 17:32:32,Medical Emergency,3,Medical,Station 03,R-01,Rescue,31.532756,74.358738,2025-11-01 17:34:18.401552018,2025-11-01 17:41:08.841687350,2025-11-01 19:08:56.729946770,4.04,6.84,Available,True
INC-00430,2025-11-02 03:40:10,Water Rescue,3,Water,Station 03,R-04,Rescue,31.522075,74.361313,2025-11-02 03:42:23.904898324,2025-11-02 03:48:56.410194993,2025-11-02 05:26:17.393709009,5.6,6.54,Available,False
INC-00761,2025-11-02 11:13:51,Structure Fire,5,Fire,Station 07,E-02,Engine,31.509587,74.32803,2025-11-02 11:18:46.551797784,2025-11-02 11:32:56.740992246,2025-11-02 13:54:13.463406203,14.88,14.17,Available,True
INC-01086,2025-11-02 21:54:24,Vehicle Accident,4,Road Traffic,Station 12,E-08,Engine,31.519175,74.384607,2025-11-02 21:56:22.675193118,2025-11-02 22:07:44.171083092,2025-11-02 23:31:43.355660586,9.12,11.36,Dispatched,True
INC-00971,2025-11-03 00:35:56,Medical Emergency,3,Medical,Station 07,E-01,Engine,31.534325,74.336415,2025-11-03 00:38:06.141265616,2025-11-03 00:46:34.037761136,2025-11-03 02:27:36.181354981,6.83,8.46,Available,True
INC-00522,2025-11-03 03:45:49,Medical Emergency,4,Medical,Station 12,E-08,Engine,31.499343,74.37157,2025-11-03 03:47:38.923632286,2025-11-03 03:56:20.142946258,2025-11-03 06:11:24.578036944,5.73,8.69,Available,True
INC-01118,2025-11-03 09:13:38,Medical Emergency,5,Medical,Station 03,R-01,Rescue,31.522952,74.376254,2025-11-03 09:16:54.432219014,2025-11-03 09:22:57.621619964,2025-11-03 11:18:03.402501866,4.18,6.05,Available,True
INC-00104,2025-11-03 10:52:40,Structure Fire,4,Fire,Station 12,R-03,Rescue,31.495873,74.393944,2025-11-03 10:55:27.655304182,2025-11-03 11:01:25.549813360,2025-11-03 12:47:54.377334238,3.49,5.96,Available,False
INC-01072,2025-11-04 01:25:57,Medical Emergency,3,Medical,Station 03,E-05,Engine,31.517721,74.390442,2025-11-04 01:27:10.374195966,2025-11-04 01:36:02.699333064,2025-11-04 03:30:51.687078570,6.43,8.87,Available,True
INC-00988,2025-11-04 06:43:38,Confined Space,3,Confined Space,Station 21,R-04,Rescue,31.544974,74.364334,2025-11-04 06:45:49.967292344,2025-11-04 06:51:28.833226382,2025-11-04 07:54:45.169052198,3.69,5.65,Available,True
INC-00915,2025-11-04 16:08:21,Hazmat,3,Chemical,Station 03,E-06,Engine,31.507518,74.362401,2025-11-04 16:10:51.090465755,2025-11-04 16:18:44.016847463,2025-11-04 17:22:20.647112957,5.5,7.88,Available,False
INC-00509,2025-11-05 13:10:09,Medical Emergency,3,Medical,Station 03,E-03,Engine,31.514971,74.31894,2025-11-05 13:12:51.168859878,2025-11-05 13:20:22.470834546,2025-11-05 14:41:49.244299644,6.14,7.52,Available,True
INC-00040,2025-11-05 15:26:06,Structure Fire,3,Fire,Station 07,E-04,Engine,31.514058,74.354409,2025-11-05 15:28:44.562357420,2025-11-05 15:42:15.129305868,2025-11-05 17:00:26.800053816,12.21,13.51,Available,True
INC-00354,2025-11-05 20:29:47,Vehicle Accident,3,Road Traffic,Station 07,R-03,Rescue,31.549486,74.329457,2025-11-05 20:31:52.822915976,2025-11-05 20:42:46.292339078,2025-11-05 22:19:30.088007732,6.15,10.89,Available,True
INC-01084,2025-11-06 06:54:01,Structure Fire,5,Fire,Station 21,E-07,Engine,31.577689,74.391387,2025-11-06 06:56:37.869246982,2025-11-06 07:03:15.159855340,2025-11-06 09:01:05.713455592,4.78,6.62,Dispatched,True
INC-00931,2025-11-06 08:45:23,Medical Emergency,3,Medical,Station 21,R-03,Rescue,31.56836,74.406711,2025-11-06 08:48:30.118690052,2025-11-06 08:53:05.324658050,2025-11-06 09:55:39.027042962,3.72,4.59,Available,True
INC-00008,2025-11-06 10:37:10,Medical Emergency,3,Medical,Station 07,E-03,Engine,31.511128,74.326333,2025-11-06 10:39:38.634095206,2025-11-06 10:46:43.007425282,2025-11-06 12:39:25.696550170,4.46,7.07,Available,False
INC-00494,2025-11-06 14:23:37,High-Rise Rescue,3,High-Rise,Station 21,R-01,Rescue,31.568757,74.400806,2025-11-06 14:26:20.723064214,2025-11-06 14:31:52.892984092,2025-11-06 16:05:30.962953846,4.73,5.54,Available,False
INC-00099,2025-11-06 14:37:02,Vehicle Accident,4,Road Traffic,Station 03,E-07,Engine,31.529671,74.355795,2025-11-06 14:39:46.924952846,2025-11-06 14:46:27.146684114,2025-11-06 16:37:05.008495718,2.08,6.67,Available,True
INC-00765,2025-11-06 22:30:42,Medical Emergency,2,Medical,Station 03,R-02,Rescue,31.513578,74.366498,2025-11-06 22:33:38.006603154,2025-11-06 22:44:56.945392830,2025-11-07 00:08:41.280123198,7.82,11.32,Dispatched,True
INC-00655,2025-11-07 06:24:33,Structure Fire,4,Fire,Station 03,E-03,Engine,31.515474,74.365696,2025-11-07 06:27:18.476892090,2025-11-07 06:34:27.334331634,2025-11-07 08:47:59.767452629,3.41,7.15,Available,True
INC-01040,2025-11-07 17:06:12,Structure Fire,5,Fire,Station 07,E-03,Engine,31.508889,74.335495,2025-11-07 17:09:39.485257554,2025-11-07 17:17:44.116925238,2025-11-07 19:41:28.863618642,3.63,8.08,Available,True
INC-00004,2025-11-07 20:42:47,Medical Emergency,2,Medical,Station 07,E-08,Engine,31.537546,74.291578,2025-11-07 20:46:32.930633294,2025-11-07 20:58:23.538265376,2025-11-07 22:14:50.679043958,7.6,11.84,Available,True
INC-00298,2025-11-08 10:08:37,Vehicle Accident,3,Road Traffic,Station 07,E-08,Engine,31.512661,74.35647,2025-11-08 10:09:59.110144666,2025-11-08 10:23:21.305000218,2025-11-08 11:57:25.584305752,15.16,13.37,Available,True
INC-00132,2025-11-08 13:12:30,Medical Emergency,2,Medical,Station 12,R-01,Rescue,31.522724,74.336012,2025-11-08 13:15:47.923485234,2025-11-08 13:20:50.450494050,2025-11-08 14:58:58.937029344,4.52,5.04,Available,True
INC-00080,2025-11-08 19:07:19,Medical Emergency,1,Medical,Station 07,R-02,Rescue,31.527041,74.313969,2025-11-08 19:11:44.111911582,2025-11-08 19:19:01.037713042,2025-11-08 20:28:17.784537166,3.61,7.28,Available,True
INC-00148,2025-11-09 14:33:44,Medical Emergency,1,Medical,Station 12,R-01,Rescue,31.496214,74.352434,2025-11-09 14:35:45.452085806,2025-11-09 14:47:34.579845896,2025-11-09 15:45:12.647540306,12.19,11.82,Available,False
INC-00155,2025-11-09 22:00:54,High-Rise Rescue,5,High-Rise,Station 21,L-02,Ladder,31.565605,74.393133,2025-11-09 22:04:09.689448036,2025-11-09 22:13:49.773473682,2025-11-10 00:27:59.650232724,7.26,9.67,Available,True
INC-00461,2025-11-10 15:06:24,Structure Fire,4,Fire,Station 21,R-04,Rescue,31.530969,74.355847,2025-11-10 15:09:36.904076712,2025-11-10 15:15:28.452660246,2025-11-10 17:04:12.537157536,3.15,5.86,Available,True
INC-00946,2025-11-11 11:13:12,Vehicle Accident,4,Road Traffic,Station 07,E-01,Engine,31.559151,74.354979,2025-11-11 11:15:50.230087344,2025-11-11 11:21:29.475912984,2025-11-11 12:49:33.558971100,2.68,5.65,Dispatched,True
INC-00433,2025-11-11 14:05:08,Water Rescue,3,Water,Station 07,W-02,Water Rescue Unit,31.529235,74.370973,2025-11-11 14:06:52.395786236,2025-11-11 14:13:51.780924344,2025-11-11 15:46:32.930314268,6.05,6.99,Available,False
INC-00184,2025-11-11 14:42:20,Vehicle Accident,4,Road Traffic,Station 03,E-01,Engine,31.506682,74.362243,2025-11-11 14:45:01.449721022,2025-11-11 14:54:57.390332396,2025-11-11 16:36:13.739160157,5.66,9.93,Dispatched,True
INC-00553,2025-11-12 02:24:36,Water Rescue,3,Water,Station 07,W-02,Water Rescue Unit,31.515632,74.346268,2025-11-12 02:27:40.654967904,2025-11-12 02:39:55.860032334,2025-11-12 04:23:30.706145976,10.2,12.25,Available,True
INC-00090,2025-11-12 12:35:29,Vehicle Accident,3,Road Traffic,Station 12,E-08,Engine,31.491102,74.373138,2025-11-12 12:38:40.594881476,2025-11-12 12:47:08.251244456,2025-11-12 13:55:45.555258932,5.61,8.46,Available,True
INC-00953,2025-11-13 12:03:40,Vehicle Accident,3,Road Traffic,Station 12,R-01,Rescue,31.475838,74.39271,2025-11-13 12:05:53.597719738,2025-11-13 12:10:46.517626498,2025-11-13 14:01:39.246436804,2.61,4.88,Available,True
INC-00738,2025-11-13 12:56:15,Confined Space,3,Confined Space,Station 12,R-02,Rescue,31.472945,74.374184,2025-11-13 12:59:31.093743876,2025-11-13 13:07:32.073562944,2025-11-13 15:11:14.251757388,3.2,8.02,Dispatched,False
INC-00919,2025-11-14 08:15:52,Medical Emergency,3,Medical,Station 12,E-06,Engine,31.497724,74.349902,2025-11-14 08:18:16.510801114,2025-11-14 08:26:14.098520404,2025-11-14 10:13:07.404775138,8.33,7.96,Available,True
INC-00766,2025-11-14 14:35:28,Vehicle Accident,3,Road Traffic,Station 12,E-03,Engine,31.456355,74.393362,2025-11-14 14:38:02.222193316,2025-11-14 14:44:02.762634736,2025-11-14 16:43:01.304932684,5.45,6.01,Available,True
INC-00549,2025-11-14 16:10:54,Water Rescue,4,Water,Station 12,W-02,Water Rescue Unit,31.504297,74.340174,2025-11-14 16:12:44.179867812,2025-11-14 16:19:58.787823222,2025-11-14 18:02:55.009827306,6.33,7.24,Dispatched,True
INC-00668,2025-11-14 17:28:47,Medical Emergency,2,Medical,Station 21,R-03,Rescue,31.574901,74.40812,2025-11-14 17:30:14.455104416,2025-11-14 17:36:04.947229988,2025-11-14 18:45:27.409427438,6.27,5.84,Available,True
INC-00497,2025-11-14 19:52:48,Structure Fire,4,Fire,Station 12,E-02,Engine,31.492859,74.34462,2025-11-14 19:56:47.503899960,2025-11-14 20:04:41.282809818,2025-11-14 21:40:36.424615440,4.18,7.9,Available,False
INC-00185,2025-11-15 11:29:54,Vehicle Accident,2,Road Traffic,Station 07,E-02,Engine,31.529505,74.320078,2025-11-15 11:30:27.158423532,2025-11-15 11:37:41.082922872,2025-11-15 13:03:50.549408424,4.51,7.23,Dispatched,True
INC-00046,2025-11-16 05:40:06,Medical Emergency,2,Medical,Station 07,R-03,Rescue,31.527797,74.303429,2025-11-16 05:41:39.003374826,2025-11-16 05:49:02.432125788,2025-11-16 07:14:27.505967394,5.16,7.39,Available,True
INC-00374,2025-11-17 00:53:11,Vehicle Accident,3,Road Traffic,Station 03,E-05,Engine,31.500642,74.362739,2025-11-17 00:55:48.356636384,2025-11-17 01:01:28.237177436,2025-11-17 02:34:39.806081174,2.65,5.66,Available,True
INC-00591,2025-11-17 02:35:42,Medical Emergency,2,Medical,Station 21,E-05,Engine,31.569198,74.381461,2025-11-17 02:37:18.086600880,2025-11-17 02:45:00.203147388,2025-11-17 04:15:35.318427984,5.94,7.7,Available,True
INC-00459,2025-11-17 07:28:23,Structure Fire,4,Fire,Station 12,R-01,Rescue,31.483295,74.352867,2025-11-17 07:30:42.866189186,2025-11-17 07:39:05.265898112,2025-11-17 09:03:39.677650754,2.57,8.37,Available,False
INC-01083,2025-11-17 13:20:03,Vehicle Accident,5,Road Traffic,Station 03,R-04,Rescue,31.497297,74.369388,2025-11-17 13:22:43.068820740,2025-11-17 13:29:08.076876144,2025-11-17 15:28:37.609043904,3.43,6.42,Available,True
INC-00053,2025-11-18 05:01:08,Structure Fire,5,Fire,Station 12,E-04,Engine,31.510866,74.426818,2025-11-18 05:03:06.547830620,2025-11-18 05:12:39.534615248,2025-11-18 07:14:52.186497122,4.12,9.55,Dispatched,True
INC-00480,2025-11-18 11:45:34,Structure Fire,4,Fire,Station 07,E-02,Engine,31.566116,74.346758,2025-11-18 11:46:44.631640792,2025-11-18 11:57:11.689352974,2025-11-18 13:14:14.463580792,10.19,10.45,Available,True
INC-00845,2025-11-18 12:54:59,Medical Emergency,1,Medical,Station 07,E-01,Engine,31.521864,74.309749,2025-11-18 12:57:24.147830192,2025-11-18 13:02:43.632715856,2025-11-18 14:23:09.104153570,2.4,5.32,Dispatched,False
INC-01049,2025-11-18 18:55:18,Hazmat,4,Chemical,Station 07,R-02,Rescue,31.531021,74.331682,2025-11-18 18:58:42.724018614,2025-11-18 19:10:40.803014832,2025-11-18 21:03:58.544165574,6.8,11.97,Available,True
INC-00651,2025-11-18 21:05:13,Medical Emergency,3,Medical,Station 12,E-07,Engine,31.497865,74.401906,2025-11-18 21:07:35.099748142,2025-11-18 21:17:08.912377426,2025-11-18 23:14:06.956682454,4.04,9.56,Available,False
INC-00707,2025-11-18 21:43:35,Vehicle Accident,5,Road Traffic,Station 07,E-04,Engine,31.533821,74.345981,2025-11-18 21:47:45.026390678,2025-11-18 22:02:38.569855064,2025-11-19 00:43:58.736421806,13.41,14.89,Available,True
INC-00666,2025-11-18 22:22:07,Medical Emergency,2,Medical,Station 21,R-04,Rescue,31.536809,74.392207,2025-11-18 22:26:00.449843728,2025-11-18 22:35:43.634144428,2025-11-19 00:13:43.806223420,7.1,9.72,Available,True
INC-00048,2025-11-18 23:26:55,Medical Emergency,3,Medical,Station 12,R-01,Rescue,31.499675,74.394445,2025-11-18 23:29:45.266037742,2025-11-18 23:35:31.489083298,2025-11-19 01:21:18.669229846,4.39,5.77,Available,False
INC-00370,2025-11-19 09:12:34,Hazmat,5,Chemical,Station 03,R-04,Rescue,31.540769,74.312256,2025-11-19 09:15:50.444469718,2025-11-19 09:25:45.193617538,2025-11-19 11:11:04.773486826,6.27,9.91,Available,True
INC-00145,2025-11-19 19:42:32,Medical Emergency,3,Medical,Station 21,E-07,Engine,31.53983,74.382603,2025-11-19 19:45:31.147555766,2025-11-19 19:55:23.366375756,2025-11-19 21:37:26.006113334,8.01,9.87,Available,True
INC-00608,2025-11-19 22:30:12,Structure Fire,5,Fire,Station 12,L-01,Ladder,31.488184,74.345107,2025-11-19 22:33:34.131659730,2025-11-19 22:46:21.046237380,2025-11-20 01:28:14.804495820,9.0,12.78,Available,True
INC-00231,2025-11-20 11:26:56,Structure Fire,4,Fire,Station 12,E-02,Engine,31.478874,74.377039,2025-11-20 11:30:00.231031651,2025-11-20 11:34:06.780268849,2025-11-20 13:15:56.490868555,3.18,4.11,Available,True
INC-00683,2025-11-20 22:42:04,Structure Fire,3,Fire,Station 03,R-03,Rescue,31.531828,74.362209,2025-11-20 22:44:36.204126760,2025-11-20 22:54:20.781350290,2025-11-21 00:18:44.376669478,5.64,9.74,Available,True
INC-00195,2025-11-21 01:24:52,Vehicle Accident,3,Road Traffic,Station 03,R-03,Rescue,31.514025,74.393375,2025-11-21 01:25:46.499228416,2025-11-21 01:31:51.449666392,2025-11-21 02:52:09.082520176,5.0,6.08,Available,False
INC-01063,2025-11-21 09:02:41,Structure Fire,5,Fire,Station 03,R-03,Rescue,31.527734,74.371582,2025-11-21 09:05:41.292096308,2025-11-21 09:16:14.598591164,2025-11-21 11:02:38.082384530,7.48,10.56,Available,True
INC-00855,2025-11-21 22:31:37,Vehicle Accident,3,Road Traffic,Station 03,E-05,Engine,31.503849,74.378315,2025-11-21 22:33:49.919980258,2025-11-21 22:51:31.383782776,2025-11-22 00:23:46.905991960,17.29,17.69,Available,False
INC-01053,2025-11-22 13:05:17,Vehicle Accident,3,Road Traffic,Station 07,R-04,Rescue,31.52889,74.342546,2025-11-22 13:07:15.324571202,2025-11-22 13:13:27.288725978,2025-11-22 14:21:13.316093372,6.94,6.2,Available,False
INC-00684,2025-11-22 19:34:10,Vehicle Accident,3,Road Traffic,Station 03,R-02,Rescue,31.563448,74.362933,2025-11-22 19:36:02.050106206,2025-11-22 19:43:01.998626308,2025-11-22 21:37:37.238443564,4.53,7.0,Available,False
INC-00164,2025-11-22 21:31:14,Medical Emergency,3,Medical,Station 07,E-04,Engine,31.526771,74.341056,2025-11-22 21:33:09.111480254,2025-11-22 21:41:49.159375724,2025-11-22 23:48:52.032733136,5.56,8.67,Dispatched,True
INC-01029,2025-11-23 02:04:22,Vehicle Accident,3,Road Traffic,Station 03,E-08,Engine,31.522235,74.378012,2025-11-23 02:08:12.364869184,2025-11-23 02:16:51.300380542,2025-11-23 04:24:49.148867176,8.8,8.65,Available,True
INC-00212,2025-11-23 15:43:57,Structure Fire,4,Fire,Station 03,R-04,Rescue,31.514073,74.339427,2025-11-23 15:47:13.010339532,2025-11-23 16:00:26.071391862,2025-11-23 17:50:32.854567458,14.48,13.22,Available,False
INC-00625,2025-11-24 03:25:44,Medical Emergency,2,Medical,Station 12,R-01,Rescue,31.47834,74.374947,2025-11-24 03:27:34.602087974,2025-11-24 03:34:23.363085236,2025-11-24 05:05:53.165756606,2.68,6.81,Maintenance,False
INC-00989,2025-11-24 03:59:44,Medical Emergency,2,Medical,Station 03,E-08,Engine,31.51057,74.386128,2025-11-24 04:01:18.103095722,2025-11-24 04:15:31.942359668,2025-11-24 05:36:09.521402618,15.43,14.23,Available,True
INC-00173,2025-11-24 13:49:13,Water Rescue,3,Water,Station 07,R-02,Rescue,31.544669,74.326367,2025-11-24 13:50:31.450004200,2025-11-24 13:57:20.587855042,2025-11-24 15:13:54.430226722,8.43,6.82,Available,True
INC-00359,2025-11-24 15:04:43,Structure Fire,4,Fire,Station 07,R-01,Rescue,31.532648,74.308079,2025-11-24 15:07:23.747218054,2025-11-24 15:11:04.090754584,2025-11-24 17:13:08.006289688,3.87,3.67,Dispatched,True
INC-00436,2025-11-24 15:49:47,Medical Emergency,2,Medical,Station 21,R-01,Rescue,31.542608,74.39643,2025-11-24 15:50:42.272186234,2025-11-24 16:01:54.761437352,2025-11-24 17:31:38.503529936,10.87,11.21,Available,True
INC-00866,2025-11-25 00:45:07,Medical Emergency,3,Medical,Station 12,E-04,Engine,31.487756,74.353956,2025-11-25 00:47:01.532160058,2025-11-25 00:57:37.479206686,2025-11-25 02:13:49.152818446,9.31,10.6,Available,True
INC-01026,2025-11-25 02:22:19,Vehicle Accident,4,Road Traffic,Station 07,R-04,Rescue,31.55147,74.350954,2025-11-25 02:25:11.567146072,2025-11-25 02:34:04.044297484,2025-11-25 04:40:04.625007184,5.93,8.87,Available,True
INC-00538,2025-11-25 07:01:13,Vehicle Accident,4,Road Traffic,Station 03,E-06,Engine,31.546894,74.348511,2025-11-25 07:03:55.727430016,2025-11-25 07:14:41.632179238,2025-11-25 09:17:19.693641394,6.82,10.77,Available,True
INC-00726,2025-11-25 09:10:44,Water Rescue,3,Water,Station 07,W-01,Water Rescue Unit,31.53427,74.32239,2025-11-25 09:13:31.670699564,2025-11-25 09:21:19.034084456,2025-11-25 11:18:01.147268312,4.58,7.79,Dispatched,True
INC-00767,2025-11-25 14:23:31,Vehicle Accident,5,Road Traffic,Station 07,R-03,Rescue,31.520015,74.343223,2025-11-25 14:26:22.991028388,2025-11-25 14:34:34.375652896,2025-11-25 17:47:53.909809870,6.89,8.19,Available,True
INC-00554,2025-11-25 23:53:04,Vehicle Accident,3,Road Traffic,Station 21,R-04,Rescue,31.500888,74.414447,2025-11-25 23:54:50.893538656,2025-11-26 00:00:49.017384748,2025-11-26 01:44:27.349244662,3.4,5.97,Available,True
INC-00127,2025-11-26 01:41:43,Hazmat,4,Chemical,Station 07,H-02,Hazmat Unit,31.555481,74.331966,2025-11-26 01:44:40.343671330,2025-11-26 01:53:09.770851690,2025-11-26 03:18:05.955768646,5.88,8.49,Available,True
INC-00189,2025-11-26 02:14:08,High-Rise Rescue,4,High-Rise,Station 12,E-06,Engine,31.491532,74.365711,2025-11-26 02:17:35.175948182,2025-11-26 02:23:51.157430612,2025-11-26 04:07:38.488625888,2.23,6.27,Available,True
INC-01107,2025-11-27 03:09:03,Structure Fire,5,Fire,Station 12,R-01,Rescue,31.495449,74.389026,2025-11-27 03:11:20.215938534,2025-11-27 03:15:34.725250638,2025-11-27 05:09:57.480771012,3.04,4.24,Available,True
INC-00727,2025-11-27 05:28:28,Medical Emergency,2,Medical,Station 12,R-04,Rescue,31.43514,74.361299,2025-11-27 05:31:28.186021228,2025-11-27 05:37:36.517624593,2025-11-27 07:39:36.756895053,1.91,6.14,Available,True
INC-00885,2025-11-27 11:45:56,Medical Emergency,2,Medical,Station 21,R-04,Rescue,31.539559,74.401351,2025-11-27 11:48:08.933979782,2025-11-27 11:54:16.702150088,2025-11-27 12:52:58.131547196,5.05,6.13,Available,False
INC-00067,2025-11-27 14:19:07,Medical Emergency,4,Medical,Station 03,R-03,Rescue,31.514753,74.327618,2025-11-27 14:21:32.122017592,2025-11-27 14:31:14.552189230,2025-11-27 16:40:36.774193336,6.32,9.71,Available,True
INC-00521,2025-11-27 18:59:11,Water Rescue,3,Water,Station 03,W-02,Water Rescue Unit,31.523171,74.344271,2025-11-27 19:01:31.600358522,2025-11-27 19:11:47.166813937,2025-11-27 20:43:56.975771281,6.84,10.26,Available,True
INC-00831,2025-11-28 08:19:49,Confined Space,2,Confined Space,Station 03,R-03,Rescue,31.536871,74.359481,2025-11-28 08:23:18.185834056,2025-11-28 08:39:34.075422370,2025-11-28 09:35:31.135930948,16.23,16.26,Available,True
INC-00203,2025-11-28 10:31:59,High-Rise Rescue,3,High-Rise,Station 07,R-02,Rescue,31.552264,74.310369,2025-11-28 10:35:20.409811838,2025-11-28 10:44:33.714790724,2025-11-28 12:20:26.100470300,7.73,9.22,Dispatched,False
INC-00047,2025-11-28 11:41:39,Medical Emergency,2,Medical,Station 07,R-01,Rescue,31.50737,74.335274,2025-11-28 11:43:42.598438164,2025-11-28 11:49:26.488346880,2025-11-28 13:22:02.069974980,4.02,5.73,Available,False
INC-00036,2025-11-29 03:10:33,Structure Fire,5,Fire,Station 07,E-06,Engine,31.53124,74.325308,2025-11-29 03:13:45.858074700,2025-11-29 03:19:58.740886218,2025-11-29 05:38:17.420317716,3.92,6.21,Available,True
INC-00665,2025-11-29 06:49:39,Hazmat,4,Chemical,Station 12,E-02,Engine,31.48778,74.360851,2025-11-29 06:51:46.454927796,2025-11-29 07:03:36.185910120,2025-11-29 09:18:32.342889246,10.03,11.83,Available,True
INC-00969,2025-11-29 12:09:21,Structure Fire,4,Fire,Station 03,L-03,Ladder,31.507451,74.368446,2025-11-29 12:11:08.863770726,2025-11-29 12:24:16.218875652,2025-11-29 14:08:47.787739860,11.65,13.12,Available,True
INC-01032,2025-11-29 17:31:33,Medical Emergency,3,Medical,Station 03,R-02,Rescue,31.515637,74.389114,2025-11-29 17:34:58.511179080,2025-11-29 17:45:40.215007194,2025-11-29 19:50:33.853624362,7.21,10.7,Available,True
INC-00627,2025-11-29 22:35:57,High-Rise Rescue,4,High-Rise,Station 12,E-02,Engine,31.492721,74.391718,2025-11-29 22:40:47.699748600,2025-11-29 22:51:25.893647922,2025-11-30 00:39:19.612638222,5.72,10.64,Available,True
INC-01012,2025-11-30 13:08:36,Medical Emergency,3,Medical,Station 12,R-01,Rescue,31.515134,74.366278,2025-11-30 13:09:09.437549591,2025-11-30 13:18:17.422756007,2025-11-30 14:58:29.709207143,7.36,9.13,Available,True
INC-00830,2025-11-30 16:34:44,Medical Emergency,3,Medical,Station 03,R-03,Rescue,31.52198,74.365318,2025-11-30 16:35:37.412087072,2025-11-30 16:47:12.433067390,2025-11-30 18:31:12.701764334,10.59,11.58,Available,True
INC-00632,2025-12-01 08:12:13,Confined Space,4,Confined Space,Station 12,R-02,Rescue,31.493506,74.366729,2025-12-01 08:14:55.221975946,2025-12-01 08:25:30.099777352,2025-12-01 09:46:50.995057486,8.87,10.58,Dispatched,False
INC-00523,2025-12-01 13:24:31,Medical Emergency,1,Medical,Station 03,R-03,Rescue,31.538728,74.380588,2025-12-01 13:27:48.435163060,2025-12-01 13:34:06.777742816,2025-12-01 14:27:33.893748796,2.75,6.31,Available,True
INC-01060,2025-12-01 15:47:07,Vehicle Accident,3,Road Traffic,Station 07,E-08,Engine,31.536513,74.339959,2025-12-01 15:49:04.115257918,2025-12-01 15:54:24.066999838,2025-12-01 17:57:23.214523516,2.01,5.33,Available,True
INC-00670,2025-12-02 14:58:09,Structure Fire,5,Fire,Station 07,R-01,Rescue,31.527675,74.33205,2025-12-02 15:00:50.991819936,2025-12-02 15:12:40.503156588,2025-12-02 17:37:09.634699914,10.46,11.83,Dispatched,False
INC-00291,2025-12-03 00:04:06,Medical Emergency,3,Medical,Station 12,R-02,Rescue,31.511039,74.361958,2025-12-03 00:07:01.109058888,2025-12-03 00:15:42.398103750,2025-12-03 01:49:09.311333478,5.05,8.69,Available,True
INC-00863,2025-12-03 06:28:01,Vehicle Accident,4,Road Traffic,Station 21,E-05,Engine,31.577165,74.377519,2025-12-03 06:30:41.238998470,2025-12-03 06:39:19.211712256,2025-12-03 08:39:17.678821162,3.07,8.63,Available,False
INC-00518,2025-12-03 17:38:27,Vehicle Accident,4,Road Traffic,Station 12,R-03,Rescue,31.474355,74.382453,2025-12-03 17:40:06.150833826,2025-12-03 17:47:57.715684062,2025-12-03 20:00:41.480210940,6.15,7.86,Dispatched,False
INC-00316,2025-12-04 20:18:10,Vehicle Accident,4,Road Traffic,Station 21,E-06,Engine,31.561178,74.421079,2025-12-04 20:21:00.697167028,2025-12-04 20:31:34.692821752,2025-12-04 22:00:29.203455754,7.47,10.57,Available,True
INC-00217,2025-12-04 21:14:03,High-Rise Rescue,5,High-Rise,Station 03,R-01,Rescue,31.499843,74.360035,2025-12-04 21:15:48.323085570,2025-12-04 21:28:32.385190356,2025-12-04 23:43:18.550378788,8.93,12.73,Available,False
INC-01091,2025-12-04 23:14:12,Structure Fire,5,Fire,Station 03,R-03,Rescue,31.532402,74.354531,2025-12-04 23:16:49.634170746,2025-12-04 23:28:38.893913604,2025-12-05 01:42:50.237561898,9.18,11.82,Available,True
INC-00011,2025-12-05 02:05:11,Structure Fire,4,Fire,Station 03,E-07,Engine,31.517539,74.384584,2025-12-05 02:08:35.323121336,2025-12-05 02:15:17.178298352,2025-12-05 03:58:45.129643628,5.42,6.7,Available,True
INC-00762,2025-12-05 07:23:04,Medical Emergency,2,Medical,Station 03,E-04,Engine,31.516102,74.396321,2025-12-05 07:23:49.319678296,2025-12-05 07:30:57.575409640,2025-12-05 09:05:34.739117974,7.33,7.14,Maintenance,True
INC-00774,2025-12-05 16:58:46,Confined Space,4,Confined Space,Station 07,R-02,Rescue,31.534959,74.31909,2025-12-05 17:01:49.909189605,2025-12-05 17:07:45.348197013,2025-12-05 18:23:50.109394395,3.17,5.92,Available,False
INC-00789,2025-12-06 10:10:59,Medical Emergency,3,Medical,Station 12,E-08,Engine,31.470812,74.375055,2025-12-06 10:14:24.134569688,2025-12-06 10:21:13.267598180,2025-12-06 12:09:55.206167300,4.46,6.82,Dispatched,True
INC-00313,2025-12-06 13:42:29,Structure Fire,4,Fire,Station 07,E-07,Engine,31.510456,74.297915,2025-12-06 13:45:17.183089088,2025-12-06 13:56:51.861577034,2025-12-06 15:31:28.865133206,11.06,11.58,Dispatched,True
INC-00782,2025-12-06 21:06:54,Structure Fire,5,Fire,Station 03,E-04,Engine,31.506552,74.374584,2025-12-06 21:10:46.857716928,2025-12-06 21:23:30.445834404,2025-12-06 23:13:32.103470478,8.45,12.73,Available,True
INC-01062,2025-12-06 21:31:17,Structure Fire,3,Fire,Station 21,E-08,Engine,31.567542,74.419193,2025-12-06 21:34:54.310145588,2025-12-06 21:47:54.110947682,2025-12-06 23:15:02.520554828,9.61,13.0,Available,True
INC-00747,2025-12-07 12:40:04,Hazmat,4,Chemical,Station 12,E-02,Engine,31.45302,74.39001,2025-12-07 12:41:47.613740194,2025-12-07 12:45:31.809897064,2025-12-07 15:07:17.360482516,2.43,3.74,Available,True
INC-00809,2025-12-07 16:16:28,Structure Fire,5,Fire,Station 21,E-05,Engine,31.547254,74.429602,2025-12-07 16:18:41.080328944,2025-12-07 16:32:09.411583870,2025-12-07 19:35:36.359291374,13.83,13.47,Dispatched,True
INC-00302,2025-12-08 01:03:29,Medical Emergency,5,Medical,Station 07,E-06,Engine,31.554901,74.353534,2025-12-08 01:05:41.480486864,2025-12-08 01:11:07.576640780,2025-12-08 03:26:35.242866956,4.73,5.43,Available,False
INC-00696,2025-12-08 01:51:08,Vehicle Accident,4,Road Traffic,Station 03,R-02,Rescue,31.516224,74.375322,2025-12-08 01:54:35.052768428,2025-12-08 02:05:48.672097946,2025-12-08 04:15:27.487757234,9.89,11.23,Maintenance,False
INC-00564,2025-12-09 00:12:15,Water Rescue,3,Water,Station 12,R-03,Rescue,31.488113,74.365834,2025-12-09 00:14:35.083648476,2025-12-09 00:18:47.633299854,2025-12-09 02:01:00.257016180,2.92,4.21,Available,True
INC-00218,2025-12-09 03:12:43,Water Rescue,3,Water,Station 03,W-01,Water Rescue Unit,31.520921,74.342791,2025-12-09 03:15:57.431492140,2025-12-09 03:21:25.561216888,2025-12-09 04:44:03.952354024,3.7,5.47,Dispatched,True
INC-00143,2025-12-10 03:52:06,Structure Fire,4,Fire,Station 12,E-04,Engine,31.480426,74.347888,2025-12-10 03:52:56.489593254,2025-12-10 04:00:31.748267640,2025-12-10 06:03:28.794629904,5.38,7.59,Available,True
INC-00692,2025-12-10 15:42:01,Medical Emergency,3,Medical,Station 07,R-02,Rescue,31.530311,74.278624,2025-12-10 15:43:18.355964560,2025-12-10 15:52:41.428326952,2025-12-10 17:27:01.431934246,8.11,9.38,Available,False
INC-01003,2025-12-10 18:48:34,High-Rise Rescue,5,High-Rise,Station 07,R-01,Rescue,31.560293,74.324811,2025-12-10 18:51:51.451363996,2025-12-10 19:06:24.195299290,2025-12-10 21:04:17.040708820,10.79,14.55,Available,False
INC-00629,2025-12-11 23:54:44,Vehicle Accident,3,Road Traffic,Station 03,R-04,Rescue,31.513948,74.350394,2025-12-11 23:58:02.249504762,2025-12-12 00:02:57.437096804,2025-12-12 01:48:27.971322734,4.12,4.92,Available,True
INC-00770,2025-12-12 05:04:40,Hazmat,4,Chemical,Station 07,E-02,Engine,31.549141,74.35347,2025-12-12 05:07:57.292497484,2025-12-12 05:16:38.600487916,2025-12-12 07:06:22.663013980,9.48,8.69,Maintenance,False
INC-00331,2025-12-12 08:07:03,Vehicle Accident,2,Road Traffic,Station 03,R-01,Rescue,31.528124,74.373864,2025-12-12 08:09:57.497178624,2025-12-12 08:22:41.694187512,2025-12-12 09:50:53.403899952,14.41,12.74,Available,False
INC-00408,2025-12-12 08:56:15,Hazmat,4,Chemical,Station 21,R-02,Rescue,31.549753,74.44195,2025-12-12 09:00:17.870216022,2025-12-12 09:13:30.432518628,2025-12-12 11:13:54.683553678,11.42,13.21,Available,True
INC-00240,2025-12-12 14:12:54,High-Rise Rescue,4,High-Rise,Station 12,R-01,Rescue,31.457587,74.400465,2025-12-12 14:16:13.965292224,2025-12-12 14:33:33.107851956,2025-12-12 16:32:27.868474626,16.92,17.32,Available,True
INC-00721,2025-12-13 00:22:34,Hazmat,3,Chemical,Station 12,R-02,Rescue,31.461503,74.359316,2025-12-13 00:26:27.660332836,2025-12-13 00:33:28.392563566,2025-12-13 02:18:55.954625650,4.46,7.01,Dispatched,False
INC-00961,2025-12-13 10:57:03,Structure Fire,4,Fire,Station 21,R-03,Rescue,31.56985,74.387884,2025-12-13 11:01:52.531555872,2025-12-13 11:10:01.516094100,2025-12-13 12:35:22.011206196,4.52,8.15,Available,False
INC-00902,2025-12-13 22:36:18,Structure Fire,5,Fire,Station 12,L-01,Ladder,31.516837,74.372424,2025-12-13 22:39:06.691562922,2025-12-13 22:50:13.672482756,2025-12-14 01:05:36.429208554,6.43,11.12,Available,True
INC-00039,2025-12-14 07:37:51,Structure Fire,4,Fire,Station 03,L-02,Ladder,31.546648,74.349839,2025-12-14 07:39:57.508514076,2025-12-14 07:46:15.618291270,2025-12-14 09:50:40.549193214,3.05,6.3,Available,True
INC-00511,2025-12-14 12:03:24,Hazmat,4,Chemical,Station 07,H-01,Hazmat Unit,31.510906,74.313827,2025-12-14 12:04:56.123120501,2025-12-14 12:14:48.832127615,2025-12-14 13:58:30.176547581,7.39,9.88,Available,False
INC-01105,2025-12-14 16:21:42,Structure Fire,4,Fire,Station 03,L-01,Ladder,31.476763,74.3455,2025-12-14 16:23:12.498612294,2025-12-14 16:33:02.584405500,2025-12-14 18:29:09.262171986,3.86,9.83,Available,False
INC-01023,2025-12-14 22:17:11,Hazmat,4,Chemical,Station 03,R-02,Rescue,31.501258,74.336374,2025-12-14 22:21:58.211279804,2025-12-14 22:33:11.305283306,2025-12-15 00:36:33.783505832,7.67,11.22,Available,True
INC-00442,2025-12-15 06:20:31,Medical Emergency,3,Medical,Station 21,E-05,Engine,31.545538,74.384504,2025-12-15 06:22:46.832845372,2025-12-15 06:30:59.268248158,2025-12-15 07:52:39.961739512,6.77,8.21,Available,False
INC-00082,2025-12-16 03:26:57,Confined Space,5,Confined Space,Station 12,R-02,Rescue,31.486317,74.337731,2025-12-16 03:30:11.936165604,2025-12-16 03:37:27.629386200,2025-12-16 05:19:49.888105782,4.15,7.26,Available,True
INC-01005,2025-12-16 04:35:34,Medical Emergency,3,Medical,Station 12,E-05,Engine,31.526951,74.35548,2025-12-16 04:36:38.839476100,2025-12-16 04:45:40.873669827,2025-12-16 06:41:27.754656579,9.67,9.03,Available,True
INC-00698,2025-12-16 08:44:14,Hazmat,4,Chemical,Station 12,R-01,Rescue,31.468213,74.389827,2025-12-16 08:48:12.070114910,2025-12-16 08:58:03.133077092,2025-12-16 10:42:54.212005796,6.99,9.85,Available,True
INC-01039,2025-12-16 18:35:23,Medical Emergency,4,Medical,Station 03,E-08,Engine,31.523732,74.342471,2025-12-16 18:37:44.957454686,2025-12-16 18:55:32.974385066,2025-12-16 20:22:10.787528510,16.86,17.8,Available,False
INC-00334,2025-12-17 02:00:49,Medical Emergency,2,Medical,Station 03,E-01,Engine,31.520077,74.355911,2025-12-17 02:03:34.633295332,2025-12-17 02:12:11.177036884,2025-12-17 03:10:53.061029056,6.33,8.61,Dispatched,True
INC-00545,2025-12-18 02:11:33,Structure Fire,4,Fire,Station 21,E-02,Engine,31.50278,74.382886,2025-12-18 02:13:33.404745726,2025-12-18 02:27:17.397873774,2025-12-18 04:02:29.112622818,11.98,13.73,Dispatched,False
INC-00233,2025-12-18 05:01:14,Structure Fire,4,Fire,Station 03,E-05,Engine,31.51743,74.37405,2025-12-18 05:05:25.311951878,2025-12-18 05:11:19.195917872,2025-12-18 07:02:33.963371390,5.71,5.9,Available,False
INC-00030,2025-12-18 06:26:04,Structure Fire,5,Fire,Station 21,L-02,Ladder,31.570728,74.362372,2025-12-18 06:28:33.785369512,2025-12-18 06:35:29.918726620,2025-12-18 08:43:48.172017484,5.52,6.94,Available,True
INC-00488,2025-12-18 23:58:38,High-Rise Rescue,4,High-Rise,Station 03,L-03,Ladder,31.472817,74.342824,2025-12-19 00:00:37.979853056,2025-12-19 00:08:22.268210654,2025-12-19 01:53:44.465867060,6.63,7.74,Available,True
INC-01008,2025-12-19 00:11:53,Medical Emergency,1,Medical,Station 12,E-04,Engine,31.514586,74.383599,2025-12-19 00:14:17.404436996,2025-12-19 00:21:12.905259830,2025-12-19 01:04:39.679014164,3.93,6.93,Available,True
INC-00834,2025-12-19 02:41:51,Structure Fire,5,Fire,Station 12,R-02,Rescue,31.484829,74.351734,2025-12-19 02:43:05.260577526,2025-12-19 02:53:44.638559154,2025-12-19 04:48:45.153944412,10.36,10.66,Available,True
INC-00490,2025-12-19 03:52:54,Vehicle Accident,3,Road Traffic,Station 12,R-01,Rescue,31.494957,74.356729,2025-12-19 03:55:32.999036322,2025-12-19 04:01:50.082865505,2025-12-19 04:47:23.355507665,6.95,6.28,Available,True
INC-00410,2025-12-19 15:12:55,Vehicle Accident,4,Road Traffic,Station 07,E-01,Engine,31.539864,74.353576,2025-12-19 15:14:00.361406806,2025-12-19 15:20:36.635960728,2025-12-19 17:29:12.205939360,4.69,6.6,Dispatched,True
INC-00572,2025-12-20 01:06:20,Medical Emergency,3,Medical,Station 03,E-05,Engine,31.520037,74.369307,2025-12-20 01:09:48.593299208,2025-12-20 01:17:16.860280046,2025-12-20 02:35:44.447395520,7.65,7.47,Available,True
INC-00196,2025-12-20 04:16:22,Structure Fire,4,Fire,Station 07,L-01,Ladder,31.553729,74.331203,2025-12-20 04:18:53.088976390,2025-12-20 04:28:17.684926948,2025-12-20 06:30:21.156222340,8.28,9.41,Available,True
INC-00179,2025-12-20 07:58:00,Medical Emergency,2,Medical,Station 12,E-08,Engine,31.525256,74.404347,2025-12-20 07:59:46.300057422,2025-12-20 08:12:24.439014456,2025-12-20 09:26:18.579573654,14.1,12.64,Available,True
INC-00749,2025-12-20 21:19:44,Structure Fire,3,Fire,Station 03,E-04,Engine,31.526185,74.37764,2025-12-20 21:23:07.682503586,2025-12-20 21:30:56.057472062,2025-12-20 23:05:28.159578182,6.05,7.81,Available,True
INC-01119,2025-12-21 10:33:03,Confined Space,2,Confined Space,Station 03,R-03,Rescue,31.526787,74.361615,2025-12-21 10:35:51.625941666,2025-12-21 10:49:05.897901900,2025-12-21 12:12:43.960424556,13.72,13.24,Available,True
INC-00810,2025-12-23 04:11:22,Water Rescue,2,Water,Station 12,R-03,Rescue,31.471898,74.366481,2025-12-23 04:11:52.000000000,2025-12-23 04:19:01.235957848,2025-12-23 06:01:13.227701134,5.86,7.15,Available,False
INC-00357,2025-12-23 04:29:35,High-Rise Rescue,5,High-Rise,Station 21,E-01,Engine,31.547857,74.37434,2025-12-23 04:32:00.504475586,2025-12-23 04:35:39.011319734,2025-12-23 06:43:51.547618676,2.67,3.64,Available,True
INC-00210,2025-12-23 06:01:13,High-Rise Rescue,4,High-Rise,Station 03,R-02,Rescue,31.518794,74.383263,2025-12-23 06:04:12.742607986,2025-12-23 06:08:40.773597592,2025-12-23 08:32:27.752007784,2.6,4.47,Available,True
INC-00501,2025-12-23 12:01:46,Medical Emergency,2,Medical,Station 07,E-08,Engine,31.539046,74.303399,2025-12-23 12:04:19.206454132,2025-12-23 12:11:00.099327706,2025-12-23 13:27:43.149290392,4.79,6.68,Available,False
INC-00309,2025-12-23 19:05:04,High-Rise Rescue,5,High-Rise,Station 07,R-02,Rescue,31.505236,74.347542,2025-12-23 19:09:05.885063854,2025-12-23 19:21:44.893313002,2025-12-23 21:35:42.262752706,10.19,12.65,Maintenance,False
INC-00377,2025-12-23 20:13:39,Medical Emergency,4,Medical,Station 03,E-04,Engine,31.507931,74.357145,2025-12-23 20:15:25.309366644,2025-12-23 20:29:18.674255388,2025-12-23 22:42:14.475986778,6.52,13.89,Available,True
INC-00746,2025-12-23 21:06:39,Water Rescue,4,Water,Station 07,R-04,Rescue,31.552449,74.299008,2025-12-23 21:10:01.656171132,2025-12-23 21:21:08.273623152,2025-12-23 23:15:06.283829214,8.18,11.11,Available,True
INC-00525,2025-12-24 13:23:23,Confined Space,5,Confined Space,Station 12,R-03,Rescue,31.501426,74.375846,2025-12-24 13:26:26.669280548,2025-12-24 13:34:58.887515444,2025-12-24 16:09:22.171975190,4.69,8.54,Dispatched,False
INC-00368,2025-12-25 04:42:23,Medical Emergency,2,Medical,Station 07,R-01,Rescue,31.525999,74.350477,2025-12-25 04:43:54.743838278,2025-12-25 04:51:11.849481145,2025-12-25 06:13:31.937868661,3.81,7.29,Available,True
INC-00120,2025-12-25 11:03:56,Water Rescue,5,Water,Station 03,R-03,Rescue,31.481712,74.361741,2025-12-25 11:05:24.530786816,2025-12-25 11:11:41.041844894,2025-12-25 13:16:33.733689488,4.08,6.28,Available,True
INC-00561,2025-12-26 00:43:47,Water Rescue,2,Water,Station 03,W-01,Water Rescue Unit,31.515895,74.349288,2025-12-26 00:46:11.310165656,2025-12-26 00:50:59.930552108,2025-12-26 02:13:31.016678875,4.71,4.81,Available,False
INC-00641,2025-12-26 22:41:51,Structure Fire,3,Fire,Station 07,R-04,Rescue,31.536139,74.310489,2025-12-26 22:44:37.681094652,2025-12-26 22:55:39.301229136,2025-12-27 01:00:22.978932132,12.07,11.03,Dispatched,False
INC-00389,2025-12-27 11:41:22,Structure Fire,5,Fire,Station 03,E-07,Engine,31.532046,74.340974,2025-12-27 11:43:45.425852476,2025-12-27 11:59:41.469770818,2025-12-27 14:37:46.933393354,14.46,15.93,Maintenance,False
INC-01007,2025-12-28 04:20:52,Structure Fire,4,Fire,Station 07,L-01,Ladder,31.54682,74.329444,2025-12-28 04:24:04.216919536,2025-12-28 04:34:49.244807104,2025-12-28 06:38:26.839909576,12.22,10.75,Available,False
INC-00491,2025-12-28 11:15:13,Medical Emergency,4,Medical,Station 12,R-03,Rescue,31.512729,74.371283,2025-12-28 11:18:41.021740582,2025-12-28 11:28:08.791567378,2025-12-28 13:15:34.904828548,4.96,9.46,Available,True
INC-00206,2025-12-29 03:16:02,Vehicle Accident,4,Road Traffic,Station 07,R-02,Rescue,31.521558,74.320704,2025-12-29 03:18:19.512882386,2025-12-29 03:26:07.381007300,2025-12-29 05:58:54.633339758,8.44,7.8,Available,True
INC-00706,2025-12-29 03:30:33,Medical Emergency,2,Medical,Station 03,E-07,Engine,31.509977,74.318902,2025-12-29 03:32:19.757651628,2025-12-29 03:38:20.917247880,2025-12-29 05:05:22.989244944,4.8,6.02,Available,True
INC-00301,2025-12-30 04:11:31,High-Rise Rescue,4,High-Rise,Station 21,L-02,Ladder,31.584829,74.379885,2025-12-30 04:14:23.985060688,2025-12-30 04:20:10.218488278,2025-12-30 05:44:56.002768156,2.82,5.77,Dispatched,False
INC-00443,2025-12-31 14:49:54,Medical Emergency,3,Medical,Station 21,E-07,Engine,31.554742,74.39208,2025-12-31 14:52:54.552503586,2025-12-31 15:03:08.397447246,2025-12-31 16:18:10.937976954,8.34,10.23,Available,True
INC-00571,2025-12-31 22:33:23,Structure Fire,3,Fire,Station 03,E-07,Engine,31.528828,74.339482,2025-12-31 22:36:26.877236990,2025-12-31 22:44:47.036052362,2026-01-01 00:46:15.923185100,5.0,8.34,Available,True
